licence_profile_name,document_type,title,leap_url,document_date,compliance_status,compliance_date,profilenumber,licenceprofileid,document_url
Waterford city - D0022,Compliance Investigation,Waterford City - Resolution of Odours,https://leap.epa.ie/licence-profile/D0022/compliance/investigation/4e347087-4f6d-f011-a373-0050568a2d1a,2025-08-01T00:00:00+00:00,Open,2025-08-01T00:00:00,D0022,cac9a717-47ae-41ce-bd7e-cb5cdbbdc805,https://data.epa.ie/leap/api/v1/Ci/byid?ci_id=4e347087-4f6d-f011-a373-0050568a2d1a
Shanganagh-Bray - D0038,Complaint,Vile odour in St. Anne's Park,https://leap.epa.ie/licence-profile/D0038/compliance/complaint/f2ef1c7b-535e-f011-a373-0050568a2d1a,2025-08-01T00:00:00+00:00,Closed,2025-07-11T00:00:00,D0038,55a0db98-f5e3-4eea-b4b0-1d2fb1cf1469,https://data.epa.ie/leap/api/v1/Complaint/byid?complaint_id=f2ef1c7b-535e-f011-a373-0050568a2d1a
Portumna - D0196,Incident,Abatement equipment off-line,https://leap.epa.ie/licence-profile/D0196/compliance/incident/1686ad52-db6e-f011-a373-0050568a2d1a,2025-08-01T00:00:00+00:00,Open,2025-08-01T00:00:00,D0196,650150f0-ef1b-4563-b3af-e6e97f531e21,https://data.epa.ie/leap/api/v1/Incident/byid?incident_id=1686ad52-db6e-f011-a373-0050568a2d1a
JANSSEN SCIENCES IRELAND UC - P0778,Incident,Monitoring Equipment Issues,https://leap.epa.ie/licence-profile/P0778/compliance/incident/1751d952-3b6e-f011-a373-0050568a2d1a,2025-08-01T00:00:00+00:00,Closed,2025-07-31T00:00:00,P0778,ff8e8bb5-cf35-4fb1-a789-af7571da741d,https://data.epa.ie/leap/api/v1/Incident/byid?incident_id=1751d952-3b6e-f011-a373-0050568a2d1a
Lower Liffey Valley Regional Sewerage Scheme - D0004,Incident,Uncontrolled Release,https://leap.epa.ie/licence-profile/D0004/compliance/incident/37af3629-bb6e-f011-a373-0050568a2d1a,2025-08-01T00:00:00+00:00,Closed,2025-08-01T00:00:00,D0004,7196c04b-4bd8-478e-99af-010482136e26,https://data.epa.ie/leap/api/v1/Incident/byid?incident_id=37af3629-bb6e-f011-a373-0050568a2d1a
Ringsend - D0034,Incident,Uncontrolled Release,https://leap.epa.ie/licence-profile/D0034/compliance/incident/3c629876-e56e-f011-a373-0050568a2d1a,2025-08-01T00:00:00+00:00,Closed,2025-08-01T00:00:00,D0034,188b6e9c-77a4-4dd9-895c-17080f6af298,https://data.epa.ie/leap/api/v1/Incident/byid?incident_id=3c629876-e56e-f011-a373-0050568a2d1a
Coolderry - A0166,Incident,Abatement equipment off-line,https://leap.epa.ie/licence-profile/A0166/compliance/incident/4e605c98-d76e-f011-a373-0050568a2d1a,2025-08-01T00:00:00+00:00,Open,2025-08-01T00:00:00,A0166,3715fe42-49d9-437c-bebb-49294c3f7e7f,https://data.epa.ie/leap/api/v1/Incident/byid?incident_id=4e605c98-d76e-f011-a373-0050568a2d1a
Mucklagh - D0364,Incident,Shock load/high flows into Mucklagh WWTP,https://leap.epa.ie/licence-profile/D0364/compliance/incident/888e8b3d-ed63-f011-a373-0050568a2d1a,2025-08-01T00:00:00+00:00,Closed,2025-07-18T00:00:00,D0364,00b19332-726a-4024-80d8-2c54f757c79e,https://data.epa.ie/leap/api/v1/Incident/byid?incident_id=888e8b3d-ed63-f011-a373-0050568a2d1a
Clonaslee - D0386,Incident,Uncontrolled Release,https://leap.epa.ie/licence-profile/D0386/compliance/incident/982b33d5-e76e-f011-a373-0050568a2d1a,2025-08-01T00:00:00+00:00,Open,2025-08-01T00:00:00,D0386,d6008a2c-d157-4544-9c54-8c1b060e012e,https://data.epa.ie/leap/api/v1/Incident/byid?incident_id=982b33d5-e76e-f011-a373-0050568a2d1a
Mullingar - D0008,Incident,Abatement equipment off-line,https://leap.epa.ie/licence-profile/D0008/compliance/incident/adfc4704-ea6e-f011-a373-0050568a2d1a,2025-08-01T00:00:00+00:00,Open,2025-08-01T00:00:00,D0008,ef892e8c-aedb-4aa8-80af-eba2decbe42e,https://data.epa.ie/leap/api/v1/Incident/byid?incident_id=adfc4704-ea6e-f011-a373-0050568a2d1a
Monasterevin Town - D0177,Incident,Uncontrolled Release,https://leap.epa.ie/licence-profile/D0177/compliance/incident/e09db451-dc6e-f011-a373-0050568a2d1a,2025-08-01T00:00:00+00:00,Closed,2025-08-01T00:00:00,D0177,613edc45-7b94-4ff0-a363-97de29d6839b,https://data.epa.ie/leap/api/v1/Incident/byid?incident_id=e09db451-dc6e-f011-a373-0050568a2d1a
GP Wood Ltd - P0594,Monitoring Returns,June 2025 Surface Water Report,https://leap.epa.ie/licence-profile/P0594/compliance/return/0dc22f5a-cd6e-f011-a373-0050568a2d1a,2025-08-01T00:00:00+00:00,Closed,2025-08-01T00:00:00,P0594,a8bf7e16-caba-4137-a7d7-d34c1df05886,https://data.epa.ie/leap/api/v1/LicenseeReturns/byid?lr_id=0dc22f5a-cd6e-f011-a373-0050568a2d1a
Arran Chemical Company Limited - P0110,Site Updates/Notifications,EPA936 Summer Shutdown 2025,https://leap.epa.ie/licence-profile/P0110/compliance/return/0e9eabbf-c460-f011-a373-0050568a2d1a,2025-08-01T00:00:00+00:00,Closed,2025-07-14T00:00:00,P0110,77e11786-8292-4f95-8724-32e3e816d005,https://data.epa.ie/leap/api/v1/LicenseeReturns/byid?lr_id=0e9eabbf-c460-f011-a373-0050568a2d1a
Unilin Insulation Ireland Limited - P0666,Monitoring Returns,Air Monitoring 2024,https://leap.epa.ie/licence-profile/P0666/compliance/return/1b87782f-b313-f011-a373-0050568a2d1a,2025-08-01T00:00:00+00:00,Closed,2025-04-07T00:00:00,P0666,9df9980d-192a-44c7-b128-4c35e5059966,https://data.epa.ie/leap/api/v1/LicenseeReturns/byid?lr_id=1b87782f-b313-f011-a373-0050568a2d1a
Irish Cement Limited (Platin) - P0030,Site Updates/Notifications,SV31690 Additional Information Part II,https://leap.epa.ie/licence-profile/P0030/compliance/return/1cb69d64-8d6c-f011-a373-0050568a2d1a,2025-08-01T00:00:00+00:00,Closed,2025-07-29T00:00:00,P0030,d35a8ce3-2aa7-4796-b118-b9fd69335ba1,https://data.epa.ie/leap/api/v1/LicenseeReturns/byid?lr_id=1cb69d64-8d6c-f011-a373-0050568a2d1a
International Aerospace Coatings Limited - P0921,Site Updates/Notifications,"SV31723, NC032461 Condition 3.5",https://leap.epa.ie/licence-profile/P0921/compliance/return/220aeab1-2158-f011-a373-0050568a2d1a,2025-08-01T00:00:00+00:00,Closed,2025-07-03T00:00:00,P0921,af611686-a1a3-4e4a-b8f3-b1514eb1101e,https://data.epa.ie/leap/api/v1/LicenseeReturns/byid?lr_id=220aeab1-2158-f011-a373-0050568a2d1a
Kiernan Farms (Aughafad) - P0679,Requests for Approval and Site Reports,Response to Site Visit SV32626,https://leap.epa.ie/licence-profile/P0679/compliance/return/2ed19239-575e-f011-a373-0050568a2d1a,2025-08-01T00:00:00+00:00,Closed,2025-07-11T00:00:00,P0679,3ca5c455-5af1-4e13-995f-0f3dde550b21,https://data.epa.ie/leap/api/v1/LicenseeReturns/byid?lr_id=2ed19239-575e-f011-a373-0050568a2d1a
Lakeland Dairies Co-operative Society Limited - P0800,Site Updates/Notifications,Response to Site Visit Reference SV32633,https://leap.epa.ie/licence-profile/P0800/compliance/return/302013a9-e263-f011-a373-0050568a2d1a,2025-08-01T00:00:00+00:00,Closed,2025-07-18T00:00:00,P0800,1c375b6a-a589-4902-b8d3-a3f230ff56ff,https://data.epa.ie/leap/api/v1/LicenseeReturns/byid?lr_id=302013a9-e263-f011-a373-0050568a2d1a
Unilin Insulation Ireland Limited - P0666,Monitoring Returns,Air Monitoring 2025,https://leap.epa.ie/licence-profile/P0666/compliance/return/3eb80002-a613-f011-a373-0050568a2d1a,2025-08-01T00:00:00+00:00,Closed,2025-04-07T00:00:00,P0666,9df9980d-192a-44c7-b128-4c35e5059966,https://data.epa.ie/leap/api/v1/LicenseeReturns/byid?lr_id=3eb80002-a613-f011-a373-0050568a2d1a
Hygeia Chemicals Limited - P0324,Annual Environmental Report,AER Report 2024,https://leap.epa.ie/licence-profile/P0324/compliance/return/484b623d-d56e-f011-a373-0050568a2d1a,2025-08-01T00:00:00+00:00,Open,2025-08-01T00:00:00,P0324,696095bf-4857-45a7-af92-8b4f1f9b9ca5,https://data.epa.ie/leap/api/v1/LicenseeReturns/byid?lr_id=484b623d-d56e-f011-a373-0050568a2d1a
Hollister ULC - P0918,Monitoring Returns,2025 Q3 Ground Water,https://leap.epa.ie/licence-profile/P0918/compliance/return/50593ffe-196e-f011-a373-0050568a2d1a,2025-08-01T00:00:00+00:00,Closed,2025-07-31T00:00:00,P0918,fa3b3496-a792-431f-91c4-d2a8ff782076,https://data.epa.ie/leap/api/v1/LicenseeReturns/byid?lr_id=50593ffe-196e-f011-a373-0050568a2d1a
Bailieboro Foods Limited - P0406,Site Updates/Notifications,Licensee Public Response - SV28514,https://leap.epa.ie/licence-profile/P0406/compliance/return/5dccbc66-eab3-ef11-a36c-0050568a2d1a,2025-08-01T00:00:00+00:00,Closed,2024-12-06T00:00:00,P0406,0482399b-94b4-45f7-b9bc-46b09fc0aaba,https://data.epa.ie/leap/api/v1/LicenseeReturns/byid?lr_id=5dccbc66-eab3-ef11-a36c-0050568a2d1a
Adhmaid Cill Na Martra Teoranta - P0334,Monitoring Returns,Ground water and surface water analysis June 2025,https://leap.epa.ie/licence-profile/P0334/compliance/return/6ca573f6-c96e-f011-a373-0050568a2d1a,2025-08-01T00:00:00+00:00,Open,2025-08-01T00:00:00,P0334,725290b2-1795-45a8-8c12-33d8bac79274,https://data.epa.ie/leap/api/v1/LicenseeReturns/byid?lr_id=6ca573f6-c96e-f011-a373-0050568a2d1a
Electricity Supply Board (Poolbeg) - P0577,Requests for Approval and Site Reports,Note 1 addition to Tables B.1-5 and B.1-7,https://leap.epa.ie/licence-profile/P0577/compliance/return/6fdad9c7-66e5-ef11-a372-0050568a2d1a,2025-08-01T00:00:00+00:00,Closed,2025-02-07T00:00:00,P0577,fb942f45-1bf4-4451-b256-5c7e5bb7d814,https://data.epa.ie/leap/api/v1/LicenseeReturns/byid?lr_id=6fdad9c7-66e5-ef11-a372-0050568a2d1a
Pfizer Ireland Pharmaceuticals Unlimited Company (Grange Castle) - P0652,Monitoring Returns,Q2 2025 TE1 Waste Water Monitoring Returns,https://leap.epa.ie/licence-profile/P0652/compliance/return/6ffcac03-0d67-f011-a373-0050568a2d1a,2025-08-01T00:00:00+00:00,Closed,2025-07-22T00:00:00,P0652,52836abc-c980-4735-818e-6ee1bcfd6152,https://data.epa.ie/leap/api/v1/LicenseeReturns/byid?lr_id=6ffcac03-0d67-f011-a373-0050568a2d1a
Allergan Pharmaceuticals Ireland Unlimited Company - P0126,Site Updates/Notifications,Update response - Site inspection SV31740,https://leap.epa.ie/licence-profile/P0126/compliance/return/7b325655-da6e-f011-a373-0050568a2d1a,2025-08-01T00:00:00+00:00,Open,2025-08-01T00:00:00,P0126,cbef24a2-cdd0-40f5-9b6c-93ecbcf24c3c,https://data.epa.ie/leap/api/v1/LicenseeReturns/byid?lr_id=7b325655-da6e-f011-a373-0050568a2d1a
Kiernan Farms (Aughafad) - P0679,Requests for Approval and Site Reports,Response to Site Visit SV31532,https://leap.epa.ie/licence-profile/P0679/compliance/return/7d5d3ad5-455e-f011-a373-0050568a2d1a,2025-08-01T00:00:00+00:00,Closed,2025-07-11T00:00:00,P0679,3ca5c455-5af1-4e13-995f-0f3dde550b21,https://data.epa.ie/leap/api/v1/LicenseeReturns/byid?lr_id=7d5d3ad5-455e-f011-a373-0050568a2d1a
Kiernan Farms (Aughafad) - P0679,Requests for Approval and Site Reports,Response to Site Inspection SV32598,https://leap.epa.ie/licence-profile/P0679/compliance/return/922f281a-5b5e-f011-a373-0050568a2d1a,2025-08-01T00:00:00+00:00,Closed,2025-07-11T00:00:00,P0679,3ca5c455-5af1-4e13-995f-0f3dde550b21,https://data.epa.ie/leap/api/v1/LicenseeReturns/byid?lr_id=922f281a-5b5e-f011-a373-0050568a2d1a
Integrated Materials Solutions Limited Partnership - W0129,Site Updates/Notifications,Response to a Site Visit (SV32706),https://leap.epa.ie/licence-profile/W0129/compliance/return/a12b33d5-e76e-f011-a373-0050568a2d1a,2025-08-01T00:00:00+00:00,Open,2025-08-01T00:00:00,W0129,6883afaf-4bda-4b0d-b76d-1808ed2cf9e9,https://data.epa.ie/leap/api/v1/LicenseeReturns/byid?lr_id=a12b33d5-e76e-f011-a373-0050568a2d1a
GP Wood Ltd - P0594,Monitoring Returns,2025 Annual Noise Survey,https://leap.epa.ie/licence-profile/P0594/compliance/return/a7490a86-e36e-f011-a373-0050568a2d1a,2025-08-01T00:00:00+00:00,Open,2025-08-01T00:00:00,P0594,a8bf7e16-caba-4137-a7d7-d34c1df05886,https://data.epa.ie/leap/api/v1/LicenseeReturns/byid?lr_id=a7490a86-e36e-f011-a373-0050568a2d1a
WuXi Biologics Ireland Limited - P1122,Monitoring Returns,2025 Annual Groundwater Report,https://leap.epa.ie/licence-profile/P1122/compliance/return/b3972e92-496d-f011-a373-0050568a2d1a,2025-08-01T00:00:00+00:00,Closed,2025-07-30T00:00:00,P1122,24698a50-4c1e-42ac-8e5c-ea83ce4429e7,https://data.epa.ie/leap/api/v1/LicenseeReturns/byid?lr_id=b3972e92-496d-f011-a373-0050568a2d1a
Ballaghaderreen Landfill - W0059,Site Updates/Notifications,Monitoring Signage Quotation received,https://leap.epa.ie/licence-profile/W0059/compliance/return/b77d0665-b46e-f011-a373-0050568a2d1a,2025-08-01T00:00:00+00:00,Closed,2025-08-01T00:00:00,W0059,c51e6c94-eef1-4cbe-ab2e-a444cad2a64f,https://data.epa.ie/leap/api/v1/LicenseeReturns/byid?lr_id=b77d0665-b46e-f011-a373-0050568a2d1a
Pfizer Ireland Pharmaceuticals Unlimited Company (Grange Castle) - P0652,Monitoring Returns,Q2 2025 SW1 Surface Water Monitoring Returns,https://leap.epa.ie/licence-profile/P0652/compliance/return/bbbc6b46-0c67-f011-a373-0050568a2d1a,2025-08-01T00:00:00+00:00,Closed,2025-07-22T00:00:00,P0652,52836abc-c980-4735-818e-6ee1bcfd6152,https://data.epa.ie/leap/api/v1/LicenseeReturns/byid?lr_id=bbbc6b46-0c67-f011-a373-0050568a2d1a
Kepak Clonee - P0167,Site Updates/Notifications,"Kepak Clonee SV32349 Return - Point 2.4, 2.5, 2.6, 2.7",https://leap.epa.ie/licence-profile/P0167/compliance/return/eaf01b04-9f6e-f011-a373-0050568a2d1a,2025-08-01T00:00:00+00:00,Closed,2025-08-01T00:00:00,P0167,8693cf02-9f27-4dc9-bde4-c2debd6d86df,https://data.epa.ie/leap/api/v1/LicenseeReturns/byid?lr_id=eaf01b04-9f6e-f011-a373-0050568a2d1a
Dublin Port Company - P1022,Requests for Approval and Site Reports,Relocation of temporary dust monitoring point DS5,https://leap.epa.ie/licence-profile/P1022/compliance/return/f24b6e7d-0158-f011-a373-0050568a2d1a,2025-08-01T00:00:00+00:00,Closed,2025-07-03T00:00:00,P1022,cbd1e82a-0ab7-e611-a4f6-0050568a69e2,https://data.epa.ie/leap/api/v1/LicenseeReturns/byid?lr_id=f24b6e7d-0158-f011-a373-0050568a2d1a
Mr David Murray - P0887,Site Closure and Surrender,Licence Surrender Application,https://leap.epa.ie/licence-profile/P0887/compliance/return/fddeecfa-c44d-f011-a373-0050568a2d1a,2025-08-01T00:00:00+00:00,Closed,2025-06-20T00:00:00,P0887,30ad99a8-79f4-4ee2-96bf-d735446d0e76,https://data.epa.ie/leap/api/v1/LicenseeReturns/byid?lr_id=fddeecfa-c44d-f011-a373-0050568a2d1a
Dungarvan Waste Disposal Site - W0032,EPA Initiated Correspondence,,https://leap.epa.ie/licence-profile/W0032/compliance/epa-correspondence/5d50d15a-5b65-f011-a373-0050568a2d1a,2025-08-01T00:00:00+00:00,Open,2025-07-20T00:00:00,W0032,c05d6935-9ea3-4293-9701-a683e71e1b02,https://data.epa.ie/leap/api/v1/MeetingCorrespondence/epainiciatedcorrespondencebyid?epainitiatedcorrespondence_id=5d50d15a-5b65-f011-a373-0050568a2d1a
College Proteins Unlimited Company - P0037,Non Compliance,,https://leap.epa.ie/licence-profile/P0037/compliance/non-compliance/128a2260-d56e-f011-a373-0050568a2d1a,2025-08-01T00:00:00+00:00,Issued,2025-08-01T00:00:00,P0037,8a6ba98b-6dc6-4dba-8168-24662ac3fd48,https://data.epa.ie/leap/api/v1/NonCompliance/byid?nc_id=128a2260-d56e-f011-a373-0050568a2d1a
College Proteins Unlimited Company - P0037,Non Compliance,,https://leap.epa.ie/licence-profile/P0037/compliance/non-compliance/4be68d23-d46e-f011-a373-0050568a2d1a,2025-08-01T00:00:00+00:00,Issued,2025-08-01T00:00:00,P0037,8a6ba98b-6dc6-4dba-8168-24662ac3fd48,https://data.epa.ie/leap/api/v1/NonCompliance/byid?nc_id=4be68d23-d46e-f011-a373-0050568a2d1a
ABEC TECHNOLOGIES EUROPE LIMITED - P0475,Non Compliance,,https://leap.epa.ie/licence-profile/P0475/compliance/non-compliance/64a573f6-c96e-f011-a373-0050568a2d1a,2025-08-01T00:00:00+00:00,Issued,2025-08-01T00:00:00,P0475,e9bd2345-401f-462f-959f-e1a771f9628a,https://data.epa.ie/leap/api/v1/NonCompliance/byid?nc_id=64a573f6-c96e-f011-a373-0050568a2d1a
Anglo Beef Processors Ireland Unlimited Company trading as ABP Waterford - P0205,Non Compliance,,https://leap.epa.ie/licence-profile/P0205/compliance/non-compliance/6d328c88-e26e-f011-a373-0050568a2d1a,2025-08-01T00:00:00+00:00,Issued,2025-08-01T00:00:00,P0205,e45b9e00-8ace-4157-b3e3-7a5d07ddea3a,https://data.epa.ie/leap/api/v1/NonCompliance/byid?nc_id=6d328c88-e26e-f011-a373-0050568a2d1a
ABEC TECHNOLOGIES EUROPE LIMITED - P0475,Non Compliance,,https://leap.epa.ie/licence-profile/P0475/compliance/non-compliance/d2f6ac24-c96e-f011-a373-0050568a2d1a,2025-08-01T00:00:00+00:00,Issued,2025-08-01T00:00:00,P0475,e9bd2345-401f-462f-959f-e1a771f9628a,https://data.epa.ie/leap/api/v1/NonCompliance/byid?nc_id=d2f6ac24-c96e-f011-a373-0050568a2d1a
Mr Mattie Moore - P0430,Non Compliance,,https://leap.epa.ie/licence-profile/P0430/compliance/non-compliance/dd39b25d-d36e-f011-a373-0050568a2d1a,2025-08-01T00:00:00+00:00,Issued,2025-08-01T00:00:00,P0430,bd62e22e-62a4-4f4e-9d66-97c5118f24d3,https://data.epa.ie/leap/api/v1/NonCompliance/byid?nc_id=dd39b25d-d36e-f011-a373-0050568a2d1a
Swords - D0024,Site Visit,,https://leap.epa.ie/licence-profile/D0024/compliance/sitevisit/017cd643-9468-f011-a373-0050568a2d1a,2025-08-01T00:00:00+00:00,Closed,2025-07-11T00:00:00,D0024,b6f6a05d-2001-434b-bbf5-49e2a3c8e6c2,https://data.epa.ie/leap/api/v1/SiteVisit/byid?sv_id=017cd643-9468-f011-a373-0050568a2d1a
ABEC TECHNOLOGIES EUROPE LIMITED - P0475,Site Visit,,https://leap.epa.ie/licence-profile/P0475/compliance/sitevisit/14f99a13-a6d1-ef11-a325-0050568a66b2,2025-08-01T00:00:00+00:00,Closed,2025-07-03T00:00:00,P0475,e9bd2345-401f-462f-959f-e1a771f9628a,https://data.epa.ie/leap/api/v1/SiteVisit/byid?sv_id=14f99a13-a6d1-ef11-a325-0050568a66b2
College Proteins Unlimited Company - P0037,Site Visit,,https://leap.epa.ie/licence-profile/P0037/compliance/sitevisit/18ec8937-a6d1-ef11-a325-0050568a66b2,2025-08-01T00:00:00+00:00,Closed,2025-07-04T00:00:00,P0037,8a6ba98b-6dc6-4dba-8168-24662ac3fd48,https://data.epa.ie/leap/api/v1/SiteVisit/byid?sv_id=18ec8937-a6d1-ef11-a325-0050568a66b2
Anglo Beef Processors Ireland Unlimited Company trading as ABP Waterford - P0205,Site Visit,,https://leap.epa.ie/licence-profile/P0205/compliance/sitevisit/5e639925-a6d1-ef11-a325-0050568a66b2,2025-08-01T00:00:00+00:00,Closed,2025-07-22T00:00:00,P0205,e45b9e00-8ace-4157-b3e3-7a5d07ddea3a,https://data.epa.ie/leap/api/v1/SiteVisit/byid?sv_id=5e639925-a6d1-ef11-a325-0050568a66b2
MSD International GmbH t/a MSD Ireland (Dunboyne Biologics) - P1073,Site Visit,,https://leap.epa.ie/licence-profile/P1073/compliance/sitevisit/76ec8937-a6d1-ef11-a325-0050568a66b2,2025-08-01T00:00:00+00:00,Closed,2025-07-09T00:00:00,P1073,541d080f-45b6-448e-8327-82e0cb13dc2e,https://data.epa.ie/leap/api/v1/SiteVisit/byid?sv_id=76ec8937-a6d1-ef11-a325-0050568a66b2
Magh nAla Limited - P1000,Site Visit,,https://leap.epa.ie/licence-profile/P1000/compliance/sitevisit/802741cc-c14d-f011-a373-0050568a2d1a,2025-08-01T00:00:00+00:00,Closed,2025-06-26T00:00:00,P1000,f0ba95c4-4cc3-e511-987f-0050568a69e2,https://data.epa.ie/leap/api/v1/SiteVisit/byid?sv_id=802741cc-c14d-f011-a373-0050568a2d1a
Swords - D0024,Site Visit,,https://leap.epa.ie/licence-profile/D0024/compliance/sitevisit/93c1ba37-0164-f011-a373-0050568a2d1a,2025-08-01T00:00:00+00:00,Closed,2025-07-18T00:00:00,D0024,b6f6a05d-2001-434b-bbf5-49e2a3c8e6c2,https://data.epa.ie/leap/api/v1/SiteVisit/byid?sv_id=93c1ba37-0164-f011-a373-0050568a2d1a
Kepak Cork - P0595,Site Visit,,https://leap.epa.ie/licence-profile/P0595/compliance/sitevisit/b0753a9e-6547-f011-a373-0050568a2d1a,2025-08-01T00:00:00+00:00,Closed,2025-06-13T00:00:00,P0595,111c398f-0328-4313-8814-14ed512920b2,https://data.epa.ie/leap/api/v1/SiteVisit/byid?sv_id=b0753a9e-6547-f011-a373-0050568a2d1a
Midleton - D0056,Site Visit,,https://leap.epa.ie/licence-profile/D0056/compliance/sitevisit/c71f501f-676c-f011-a373-0050568a2d1a,2025-08-01T00:00:00+00:00,Closed,2025-07-24T00:00:00,D0056,b2c067ea-de2f-4275-8982-feb0724a0a82,https://data.epa.ie/leap/api/v1/SiteVisit/byid?sv_id=c71f501f-676c-f011-a373-0050568a2d1a
Kiltimagh - D0217,Site Visit,,https://leap.epa.ie/licence-profile/D0217/compliance/sitevisit/e1d272c0-1bbe-ef11-a324-0050568a66b2,2025-08-01T00:00:00+00:00,Closed,2025-07-16T00:00:00,D0217,eeaf7b75-5f2d-474c-a540-5a4ddf740a27,https://data.epa.ie/leap/api/v1/SiteVisit/byid?sv_id=e1d272c0-1bbe-ef11-a324-0050568a66b2
Anglo Beef Processors Ireland Unlimited Company trading as ABP Waterford - P0205,Site Visit,,https://leap.epa.ie/licence-profile/P0205/compliance/sitevisit/f322b064-c26e-f011-a373-0050568a2d1a,2025-08-01T00:00:00+00:00,Closed,2025-07-30T00:00:00,P0205,e45b9e00-8ace-4157-b3e3-7a5d07ddea3a,https://data.epa.ie/leap/api/v1/SiteVisit/byid?sv_id=f322b064-c26e-f011-a373-0050568a2d1a
Mr Mattie Moore - P0430,Site Visit,,https://leap.epa.ie/licence-profile/P0430/compliance/sitevisit/f4f89a13-a6d1-ef11-a325-0050568a66b2,2025-08-01T00:00:00+00:00,Closed,2025-07-18T00:00:00,P0430,bd62e22e-62a4-4f4e-9d66-97c5118f24d3,https://data.epa.ie/leap/api/v1/SiteVisit/byid?sv_id=f4f89a13-a6d1-ef11-a325-0050568a66b2
Bruscar Bhearna Teoranta (Ballaghadereen) - W0163,Compliance Investigation,"W0163-01, Unlicensed Waste Activity and Specified Engineering Works",https://leap.epa.ie/licence-profile/W0163/compliance/investigation/881257e0-9934-ef11-a368-0050568a2d1a,2025-07-31T00:00:00+00:00,Open,2025-07-31T00:00:00,W0163,08defcd0-acb8-4401-8d22-1b017da1ec3b,https://data.epa.ie/leap/api/v1/Ci/byid?ci_id=881257e0-9934-ef11-a368-0050568a2d1a
Kinsale - D0132,Complaint,Kinsale Odour,https://leap.epa.ie/licence-profile/D0132/compliance/complaint/501aea53-246e-f011-a373-0050568a2d1a,2025-07-31T00:00:00+00:00,Open,2025-07-31T00:00:00,D0132,ca1418e2-37c6-4715-9a7b-5ed69a537db6,https://data.epa.ie/leap/api/v1/Complaint/byid?complaint_id=501aea53-246e-f011-a373-0050568a2d1a
Johnson & Johnson Vision Care Ireland Unlimited Company - P0818,Incident,Monitoring Equipment Issues,https://leap.epa.ie/licence-profile/P0818/compliance/incident/0b06be64-216e-f011-a373-0050568a2d1a,2025-07-31T00:00:00+00:00,Open,2025-07-31T00:00:00,P0818,c384e292-8ae1-44cd-a0f3-80d28c31c889,https://data.epa.ie/leap/api/v1/Incident/byid?incident_id=0b06be64-216e-f011-a373-0050568a2d1a
Tralee - D0040,Incident,"Shock Load to WWTP, due to industrial discharge.",https://leap.epa.ie/licence-profile/D0040/compliance/incident/b0d2c718-eb6d-f011-a373-0050568a2d1a,2025-07-31T00:00:00+00:00,Open,2025-07-31T00:00:00,D0040,221dec58-ed76-4de0-870d-997caad3d743,https://data.epa.ie/leap/api/v1/Incident/byid?incident_id=b0d2c718-eb6d-f011-a373-0050568a2d1a
Galmoy Mines Limited - P0517,Requests for Approval and Site Reports,Further information in relation to LR094019,https://leap.epa.ie/licence-profile/P0517/compliance/return/04728eff-fe57-f011-a373-0050568a2d1a,2025-07-31T00:00:00+00:00,Closed,2025-07-03T00:00:00,P0517,2d474abd-8042-4974-90ba-473c9d3e6ea5,https://data.epa.ie/leap/api/v1/LicenseeReturns/byid?lr_id=04728eff-fe57-f011-a373-0050568a2d1a
Irish Cement Limited (Limerick) - P0029,Site Updates/Notifications,MBM Test Programme Interim Final Report July 2025,https://leap.epa.ie/licence-profile/P0029/compliance/return/0e9af9ae-136e-f011-a373-0050568a2d1a,2025-07-31T00:00:00+00:00,Open,2025-07-31T00:00:00,P0029,a20c2008-1c83-446a-957a-1d1c34b9b5f2,https://data.epa.ie/leap/api/v1/LicenseeReturns/byid?lr_id=0e9af9ae-136e-f011-a373-0050568a2d1a
Lisheen Milling Limited - P0088,Site Updates/Notifications,TMF report to July 2025 WSP,https://leap.epa.ie/licence-profile/P0088/compliance/return/11ef1318-6963-f011-a373-0050568a2d1a,2025-07-31T00:00:00+00:00,Closed,2025-07-17T00:00:00,P0088,2c2473b2-666f-4654-a06e-be5c15450cbf,https://data.epa.ie/leap/api/v1/LicenseeReturns/byid?lr_id=11ef1318-6963-f011-a373-0050568a2d1a
WuXi Biologics Ireland Limited - P1122,Site Updates/Notifications,Proposed SW-1 Trigger Limits,https://leap.epa.ie/licence-profile/P1122/compliance/return/125bcc2f-646d-f011-a373-0050568a2d1a,2025-07-31T00:00:00+00:00,Closed,2025-07-30T00:00:00,P1122,24698a50-4c1e-42ac-8e5c-ea83ce4429e7,https://data.epa.ie/leap/api/v1/LicenseeReturns/byid?lr_id=125bcc2f-646d-f011-a373-0050568a2d1a
Bord na Móna Energy Limited (Blackwater) - P0502,Monitoring Returns,Blackwater Bogs PCAS 2024 WQ Monitoring Return,https://leap.epa.ie/licence-profile/P0502/compliance/return/136ffe76-e241-f011-a373-0050568a2d1a,2025-07-31T00:00:00+00:00,Closed,2025-06-05T00:00:00,P0502,1b08ee9f-f89c-41d4-a516-4c3e13079a9f,https://data.epa.ie/leap/api/v1/LicenseeReturns/byid?lr_id=136ffe76-e241-f011-a373-0050568a2d1a
Ormonde Organics Limited (Portlaw) - W0287,Requests for Approval and Site Reports,Specified Engineering Works,https://leap.epa.ie/licence-profile/W0287/compliance/return/14d7fc78-166e-f011-a373-0050568a2d1a,2025-07-31T00:00:00+00:00,Open,2025-07-31T00:00:00,W0287,6ad3c482-80ad-e611-8d41-0050568a69e2,https://data.epa.ie/leap/api/v1/LicenseeReturns/byid?lr_id=14d7fc78-166e-f011-a373-0050568a2d1a
Bord na Mona Lanesboro (Longford) - P0504,Monitoring Returns,Derrymoylin Bog PCAS 2024 WQ Monitoring Return,https://leap.epa.ie/licence-profile/P0504/compliance/return/1c7abb4e-3769-f011-a373-0050568a2d1a,2025-07-31T00:00:00+00:00,Closed,2025-07-25T00:00:00,P0504,f86701c7-076c-4369-8422-8adb6334959f,https://data.epa.ie/leap/api/v1/LicenseeReturns/byid?lr_id=1c7abb4e-3769-f011-a373-0050568a2d1a
Clarochem Ireland Limited - P0125,Site Updates/Notifications,Summer Shut down,https://leap.epa.ie/licence-profile/P0125/compliance/return/2dc5ee0c-f46d-f011-a373-0050568a2d1a,2025-07-31T00:00:00+00:00,Closed,2025-07-31T00:00:00,P0125,582c502f-08c7-4351-8a3e-f35bf25777c1,https://data.epa.ie/leap/api/v1/LicenseeReturns/byid?lr_id=2dc5ee0c-f46d-f011-a373-0050568a2d1a
WuXi Biologics Ireland Limited - P1122,Site Updates/Notifications,Licensee Public Response - SV31868,https://leap.epa.ie/licence-profile/P1122/compliance/return/2f1b19db-646d-f011-a373-0050568a2d1a,2025-07-31T00:00:00+00:00,Closed,2025-07-30T00:00:00,P1122,24698a50-4c1e-42ac-8e5c-ea83ce4429e7,https://data.epa.ie/leap/api/v1/LicenseeReturns/byid?lr_id=2f1b19db-646d-f011-a373-0050568a2d1a
Tulligmore Quarry Solutions Limited - W0255,Monitoring Returns,LS rejection item 4.6 response of site report,https://leap.epa.ie/licence-profile/W0255/compliance/return/38f7916d-fa6d-f011-a373-0050568a2d1a,2025-07-31T00:00:00+00:00,Open,2025-07-31T00:00:00,W0255,f138c9f0-b24b-4e8b-b827-1cb490ebc9e1,https://data.epa.ie/leap/api/v1/LicenseeReturns/byid?lr_id=38f7916d-fa6d-f011-a373-0050568a2d1a
Pfizer Ireland Pharmaceuticals Unlimited Company (Ringaskiddy) - P0013,Site Updates/Notifications,"Annual Shutdown Period for OSP1, OSP3, OSP5, RCMF",https://leap.epa.ie/licence-profile/P0013/compliance/return/3fd022b8-f16d-f011-a373-0050568a2d1a,2025-07-31T00:00:00+00:00,Closed,2025-07-31T00:00:00,P0013,8e7289a5-44fc-4715-b9b6-a76e88c16c0d,https://data.epa.ie/leap/api/v1/LicenseeReturns/byid?lr_id=3fd022b8-f16d-f011-a373-0050568a2d1a
Derek Good - P0942,Site Updates/Notifications,MCP Return Clarification,https://leap.epa.ie/licence-profile/P0942/compliance/return/49663571-266e-f011-a373-0050568a2d1a,2025-07-31T00:00:00+00:00,Open,2025-07-31T00:00:00,P0942,bf1ba327-dda6-4a24-99fb-335746cc1a29,https://data.epa.ie/leap/api/v1/LicenseeReturns/byid?lr_id=49663571-266e-f011-a373-0050568a2d1a
SSE Generation Ireland Limited (Tarbert) - P0607,Site Closure and Surrender,Independent Closure Audit (ICA) for Site Boundary Modification,https://leap.epa.ie/licence-profile/P0607/compliance/return/4a928e7a-89e4-ef11-a372-0050568a2d1a,2025-07-31T00:00:00+00:00,Closed,2025-02-06T00:00:00,P0607,e9a6535c-db1a-457f-894c-d91dc04b6ba8,https://data.epa.ie/leap/api/v1/LicenseeReturns/byid?lr_id=4a928e7a-89e4-ef11-a372-0050568a2d1a
Greystones - D0010,Site Updates/Notifications,Greystones WWTP SV32903 information request,https://leap.epa.ie/licence-profile/D0010/compliance/return/4bbc5c12-2b6e-f011-a373-0050568a2d1a,2025-07-31T00:00:00+00:00,Open,2025-07-31T00:00:00,D0010,be0e050e-e607-4daf-b829-5d979b2c6f71,https://data.epa.ie/leap/api/v1/LicenseeReturns/byid?lr_id=4bbc5c12-2b6e-f011-a373-0050568a2d1a
Tipperary Co-operative Creamery Limited - P0801,Monitoring Returns,Hydrogeological report,https://leap.epa.ie/licence-profile/P0801/compliance/return/4ccfe9d3-9035-f011-a373-0050568a2d1a,2025-07-31T00:00:00+00:00,Closed,2025-05-20T00:00:00,P0801,026aee83-b768-4261-9048-837d8196b0f3,https://data.epa.ie/leap/api/v1/LicenseeReturns/byid?lr_id=4ccfe9d3-9035-f011-a373-0050568a2d1a
Powerstown Landfill Site - W0025,Site Updates/Notifications,Assessment of Landfill Gas Collection Infrastructure,https://leap.epa.ie/licence-profile/W0025/compliance/return/7aa073a1-f06d-f011-a373-0050568a2d1a,2025-07-31T00:00:00+00:00,Open,2025-07-31T00:00:00,W0025,dd2f07a1-348f-468d-94f6-520b76079112,https://data.epa.ie/leap/api/v1/LicenseeReturns/byid?lr_id=7aa073a1-f06d-f011-a373-0050568a2d1a
Bord na Mona Lanesboro (Longford) - P0504,Monitoring Returns,Mountdillon Bogs PCAS 2024 WQMonitoring Returns,https://leap.epa.ie/licence-profile/P0504/compliance/return/7f8cf03d-eb41-f011-a373-0050568a2d1a,2025-07-31T00:00:00+00:00,Closed,2025-06-05T00:00:00,P0504,f86701c7-076c-4369-8422-8adb6334959f,https://data.epa.ie/leap/api/v1/LicenseeReturns/byid?lr_id=7f8cf03d-eb41-f011-a373-0050568a2d1a
ADSIL Drogheda - P1181,Site Updates/Notifications,Licensee Public Response - SV31568,https://leap.epa.ie/licence-profile/P1181/compliance/return/8776a721-226e-f011-a373-0050568a2d1a,2025-07-31T00:00:00+00:00,Open,2025-07-31T00:00:00,P1181,682299b9-9644-49fc-8562-46c60af3cd5c,https://data.epa.ie/leap/api/v1/LicenseeReturns/byid?lr_id=8776a721-226e-f011-a373-0050568a2d1a
Bord Na Mona Energy Limited (Boora) - P0507,Monitoring Returns,Quarter 2 Trigger Level Report 2025,https://leap.epa.ie/licence-profile/P0507/compliance/return/8b062c2f-a05c-f011-a373-0050568a2d1a,2025-07-31T00:00:00+00:00,Closed,2025-07-09T00:00:00,P0507,0b0c7ac1-bd91-471d-a416-ddbfd3dbaa1e,https://data.epa.ie/leap/api/v1/LicenseeReturns/byid?lr_id=8b062c2f-a05c-f011-a373-0050568a2d1a
Lisheen Milling Limited - P0088,Site Updates/Notifications,Annual leave notice July 2025,https://leap.epa.ie/licence-profile/P0088/compliance/return/965500f6-8661-f011-a373-0050568a2d1a,2025-07-31T00:00:00+00:00,Closed,2025-07-15T00:00:00,P0088,2c2473b2-666f-4654-a06e-be5c15450cbf,https://data.epa.ie/leap/api/v1/LicenseeReturns/byid?lr_id=965500f6-8661-f011-a373-0050568a2d1a
Donohill Landfill - W0074,Monitoring Returns,Donohill Landfill Surface Water Report 2024,https://leap.epa.ie/licence-profile/W0074/compliance/return/9aec440e-516e-f011-a373-0050568a2d1a,2025-07-31T00:00:00+00:00,Open,2025-07-31T00:00:00,W0074,cdb83cc9-092b-4574-ab13-4711ac3355c0,https://data.epa.ie/leap/api/v1/LicenseeReturns/byid?lr_id=9aec440e-516e-f011-a373-0050568a2d1a
Pfizer Ireland Pharmaceuticals Unlimited Company (Ringaskiddy) - P0013,Monitoring Returns,Quarterly report of non-significant bypass events: Q2 2025,https://leap.epa.ie/licence-profile/P0013/compliance/return/9b60fa24-956c-f011-a373-0050568a2d1a,2025-07-31T00:00:00+00:00,Closed,2025-07-29T00:00:00,P0013,8e7289a5-44fc-4715-b9b6-a76e88c16c0d,https://data.epa.ie/leap/api/v1/LicenseeReturns/byid?lr_id=9b60fa24-956c-f011-a373-0050568a2d1a
Ashgrove Recycling - W0147,Site Updates/Notifications,SV32712 - Bunding of DRS Compactor,https://leap.epa.ie/licence-profile/W0147/compliance/return/a10b35ad-e463-f011-a373-0050568a2d1a,2025-07-31T00:00:00+00:00,Closed,2025-07-18T00:00:00,W0147,cea8ece2-1a09-4083-b7d4-2db25f0e4b57,https://data.epa.ie/leap/api/v1/LicenseeReturns/byid?lr_id=a10b35ad-e463-f011-a373-0050568a2d1a
MS Patterson Ltd - P0968,Site Updates/Notifications,Stock register,https://leap.epa.ie/licence-profile/P0968/compliance/return/a55fd3e0-606c-f011-a373-0050568a2d1a,2025-07-31T00:00:00+00:00,Closed,2025-07-29T00:00:00,P0968,be40eff5-f240-e511-a5db-0050568a69e2,https://data.epa.ie/leap/api/v1/LicenseeReturns/byid?lr_id=a55fd3e0-606c-f011-a373-0050568a2d1a
Magh nAla Limited (Quartertown) - P0977,Site Updates/Notifications,Improvvent summary as per EPA site visit June 25,https://leap.epa.ie/licence-profile/P0977/compliance/return/b01e8af5-5e69-f011-a373-0050568a2d1a,2025-07-31T00:00:00+00:00,Closed,2025-07-25T00:00:00,P0977,5dfce63a-5cb1-e611-8d41-0050568a69e2,https://data.epa.ie/leap/api/v1/LicenseeReturns/byid?lr_id=b01e8af5-5e69-f011-a373-0050568a2d1a
Bord na Mona Energy Limited Leabeg - P0500,Monitoring Returns,Quartely groundwater monitoring for Monettia,https://leap.epa.ie/licence-profile/P0500/compliance/return/b78c8f00-8768-f011-a373-0050568a2d1a,2025-07-31T00:00:00+00:00,Closed,2025-07-24T00:00:00,P0500,55b8c95a-cbc4-46a3-b19f-aa054aa9ca82,https://data.epa.ie/leap/api/v1/LicenseeReturns/byid?lr_id=b78c8f00-8768-f011-a373-0050568a2d1a
Masonite Ireland - P0021,Monitoring Returns,Masonite Priority Substances Analysis Report 2025.,https://leap.epa.ie/licence-profile/P0021/compliance/return/ca99f45a-cb63-f011-a373-0050568a2d1a,2025-07-31T00:00:00+00:00,Closed,2025-07-18T00:00:00,P0021,2e67f682-f839-42e2-a4d5-7b87c6b1b6fa,https://data.epa.ie/leap/api/v1/LicenseeReturns/byid?lr_id=ca99f45a-cb63-f011-a373-0050568a2d1a
Bord na Mona Energy Limited Leabeg - P0500,Monitoring Returns,Quartley surface water reports for Monettia,https://leap.epa.ie/licence-profile/P0500/compliance/return/d850cf44-8768-f011-a373-0050568a2d1a,2025-07-31T00:00:00+00:00,Closed,2025-07-24T00:00:00,P0500,55b8c95a-cbc4-46a3-b19f-aa054aa9ca82,https://data.epa.ie/leap/api/v1/LicenseeReturns/byid?lr_id=d850cf44-8768-f011-a373-0050568a2d1a
Anglo Beef Processors Ireland T/A ABP Bandon - P0188,Site Updates/Notifications,Response SV31779,https://leap.epa.ie/licence-profile/P0188/compliance/return/e1b8521d-7c61-f011-a373-0050568a2d1a,2025-07-31T00:00:00+00:00,Closed,2025-07-15T00:00:00,P0188,72147da0-7a53-4948-9175-13ea104f48e0,https://data.epa.ie/leap/api/v1/LicenseeReturns/byid?lr_id=e1b8521d-7c61-f011-a373-0050568a2d1a
Bord na Mona Biomass Limited - P0503,Monitoring Returns,Allen Bogs PCAS WQ Monitoring Return,https://leap.epa.ie/licence-profile/P0503/compliance/return/e217f54a-2c62-f011-a373-0050568a2d1a,2025-07-31T00:00:00+00:00,Closed,2025-07-16T00:00:00,P0503,f83e1d51-7f03-49da-b583-8c68fa966b33,https://data.epa.ie/leap/api/v1/LicenseeReturns/byid?lr_id=e217f54a-2c62-f011-a373-0050568a2d1a
Bruscar Bhearna Teoranta (Ballaghadereen) - W0163,Non Compliance,,https://leap.epa.ie/licence-profile/W0163/compliance/non-compliance/004dbd4f-526c-f011-a373-0050568a2d1a,2025-07-31T00:00:00+00:00,Issued,2025-07-31T00:00:00,W0163,08defcd0-acb8-4401-8d22-1b017da1ec3b,https://data.epa.ie/leap/api/v1/NonCompliance/byid?nc_id=004dbd4f-526c-f011-a373-0050568a2d1a
Roscommon Landfill Facility - W0073,Non Compliance,,https://leap.epa.ie/licence-profile/W0073/compliance/non-compliance/2fef82d1-cd5c-f011-a373-0050568a2d1a,2025-07-31T00:00:00+00:00,Issued,2025-07-31T00:00:00,W0073,ccc5179c-0e6e-4b82-8a3a-40174cbc0577,https://data.epa.ie/leap/api/v1/NonCompliance/byid?nc_id=2fef82d1-cd5c-f011-a373-0050568a2d1a
Starrus Eco Holdings Limited (Sligo) - W0058,Non Compliance,,https://leap.epa.ie/licence-profile/W0058/compliance/non-compliance/66cf2b4e-cd5c-f011-a373-0050568a2d1a,2025-07-31T00:00:00+00:00,Issued,2025-07-31T00:00:00,W0058,596c7017-578c-493a-b66b-d6f0b4bd1410,https://data.epa.ie/leap/api/v1/NonCompliance/byid?nc_id=66cf2b4e-cd5c-f011-a373-0050568a2d1a
Bruscar Bhearna Teoranta (Ballaghadereen) - W0163,Non Compliance,,https://leap.epa.ie/licence-profile/W0163/compliance/non-compliance/9b0911f9-516c-f011-a373-0050568a2d1a,2025-07-31T00:00:00+00:00,Issued,2025-07-31T00:00:00,W0163,08defcd0-acb8-4401-8d22-1b017da1ec3b,https://data.epa.ie/leap/api/v1/NonCompliance/byid?nc_id=9b0911f9-516c-f011-a373-0050568a2d1a
Bruscar Bhearna Teoranta (Ballaghadereen) - W0163,Non Compliance,,https://leap.epa.ie/licence-profile/W0163/compliance/non-compliance/a2039c43-516c-f011-a373-0050568a2d1a,2025-07-31T00:00:00+00:00,Issued,2025-07-31T00:00:00,W0163,08defcd0-acb8-4401-8d22-1b017da1ec3b,https://data.epa.ie/leap/api/v1/NonCompliance/byid?nc_id=a2039c43-516c-f011-a373-0050568a2d1a
Lennon Quarries Limited - W0256,Non Compliance,,https://leap.epa.ie/licence-profile/W0256/compliance/non-compliance/bc551d50-ce5c-f011-a373-0050568a2d1a,2025-07-31T00:00:00+00:00,Issued,2025-07-31T00:00:00,W0256,bb866a82-a351-4142-bcb5-77bdc4150cc1,https://data.epa.ie/leap/api/v1/NonCompliance/byid?nc_id=bc551d50-ce5c-f011-a373-0050568a2d1a
Galway Corporation Depot - W0166,Non Compliance,,https://leap.epa.ie/licence-profile/W0166/compliance/non-compliance/d45f9a24-ce5c-f011-a373-0050568a2d1a,2025-07-31T00:00:00+00:00,Issued,2025-07-31T00:00:00,W0166,e2e2af8f-4953-4155-8e6d-fe13962ca0d8,https://data.epa.ie/leap/api/v1/NonCompliance/byid?nc_id=d45f9a24-ce5c-f011-a373-0050568a2d1a
Bruscar Bhearna Teoranta (Ballaghadereen) - W0163,Non Compliance,,https://leap.epa.ie/licence-profile/W0163/compliance/non-compliance/dd6c1796-516c-f011-a373-0050568a2d1a,2025-07-31T00:00:00+00:00,Issued,2025-07-31T00:00:00,W0163,08defcd0-acb8-4401-8d22-1b017da1ec3b,https://data.epa.ie/leap/api/v1/NonCompliance/byid?nc_id=dd6c1796-516c-f011-a373-0050568a2d1a
Soltec (Ireland) Limited - P1093,Non Compliance,,https://leap.epa.ie/licence-profile/P1093/compliance/non-compliance/de4928c8-eb6d-f011-a373-0050568a2d1a,2025-07-31T00:00:00+00:00,Issued,2025-07-31T00:00:00,P1093,02292183-7cec-4946-8860-7e7271acb7de,https://data.epa.ie/leap/api/v1/NonCompliance/byid?nc_id=de4928c8-eb6d-f011-a373-0050568a2d1a
Soltec (Ireland) Limited - W0115,Site Visit,,https://leap.epa.ie/licence-profile/W0115/compliance/sitevisit/0b7a8a31-a6d1-ef11-a325-0050568a66b2,2025-07-31T00:00:00+00:00,Closed,2025-07-02T00:00:00,W0115,17c4c13d-0dd2-4c77-9536-7077745129a8,https://data.epa.ie/leap/api/v1/SiteVisit/byid?sv_id=0b7a8a31-a6d1-ef11-a325-0050568a66b2
Irish Cement Limited (Platin) - P0030,Site Visit,,https://leap.epa.ie/licence-profile/P0030/compliance/sitevisit/2e471439-b6bb-ef11-a324-0050568a66b2,2025-07-31T00:00:00+00:00,Closed,2025-05-28T00:00:00,P0030,d35a8ce3-2aa7-4796-b118-b9fd69335ba1,https://data.epa.ie/leap/api/v1/SiteVisit/byid?sv_id=2e471439-b6bb-ef11-a324-0050568a66b2
Sigma-Aldrich Ireland Limited - P0089,Site Visit,,https://leap.epa.ie/licence-profile/P0089/compliance/sitevisit/46471439-b6bb-ef11-a324-0050568a66b2,2025-07-31T00:00:00+00:00,Closed,2025-05-20T00:00:00,P0089,661072a9-52f4-4501-9aa9-83d62658a278,https://data.epa.ie/leap/api/v1/SiteVisit/byid?sv_id=46471439-b6bb-ef11-a324-0050568a66b2
Kyte Powertech Limited - P0106,Site Visit,,https://leap.epa.ie/licence-profile/P0106/compliance/sitevisit/4a471439-b6bb-ef11-a324-0050568a66b2,2025-07-31T00:00:00+00:00,Closed,2025-05-23T00:00:00,P0106,e9690cd4-633d-4986-8ed1-6ca49b49ae0d,https://data.epa.ie/leap/api/v1/SiteVisit/byid?sv_id=4a471439-b6bb-ef11-a324-0050568a66b2
Dr Jeremiah Kevin O'Regan - L4776,Site Visit,,https://leap.epa.ie/licence-profile/L4776/compliance/sitevisit/8e92c948-f65b-f011-a373-0050568a2d1a,2025-07-31T00:00:00+00:00,Closed,2025-07-09T00:00:00,L4776,5d63dd9b-1a7f-4e90-9e16-8b3ce6bcf4f0,https://data.epa.ie/leap/api/v1/SiteVisit/byid?sv_id=8e92c948-f65b-f011-a373-0050568a2d1a
Soltec (Ireland) Limited - P1093,Site Visit,,https://leap.epa.ie/licence-profile/P1093/compliance/sitevisit/96629925-a6d1-ef11-a325-0050568a66b2,2025-07-31T00:00:00+00:00,Closed,2025-07-02T00:00:00,P1093,02292183-7cec-4946-8860-7e7271acb7de,https://data.epa.ie/leap/api/v1/SiteVisit/byid?sv_id=96629925-a6d1-ef11-a325-0050568a66b2
Waterford Periodontics & Implant Dentistry - L5213,Site Visit,,https://leap.epa.ie/licence-profile/L5213/compliance/sitevisit/a732c2a5-6e61-f011-a373-0050568a2d1a,2025-07-31T00:00:00+00:00,Closed,2025-07-17T00:00:00,L5213,c3c89f34-5e55-4340-93c1-cabf499de2bc,https://data.epa.ie/leap/api/v1/SiteVisit/byid?sv_id=a732c2a5-6e61-f011-a373-0050568a2d1a
Bruscar Bhearna Teoranta (Ballaghadereen) - W0163,Site Visit,,https://leap.epa.ie/licence-profile/W0163/compliance/sitevisit/b1c52972-fc45-f011-a373-0050568a2d1a,2025-07-31T00:00:00+00:00,Closed,2025-06-13T00:00:00,W0163,08defcd0-acb8-4401-8d22-1b017da1ec3b,https://data.epa.ie/leap/api/v1/SiteVisit/byid?sv_id=b1c52972-fc45-f011-a373-0050568a2d1a
William Grant & Sons Irish Manufacturing Limited - P0980,Site Visit,,https://leap.epa.ie/licence-profile/P0980/compliance/sitevisit/c4471439-b6bb-ef11-a324-0050568a66b2,2025-07-31T00:00:00+00:00,Closed,2025-05-08T00:00:00,P0980,c89eee77-a9b6-44f3-9f6c-4745330ef281,https://data.epa.ie/leap/api/v1/SiteVisit/byid?sv_id=c4471439-b6bb-ef11-a324-0050568a66b2
Collooney - D0093,Incident,Process ops improvement to plant,https://leap.epa.ie/licence-profile/D0093/compliance/incident/03bc3e80-3e6d-f011-a373-0050568a2d1a,2025-07-30T00:00:00+00:00,Open,2025-07-30T00:00:00,D0093,0f388166-99ae-4319-9a15-cc5de837def1,https://data.epa.ie/leap/api/v1/Incident/byid?incident_id=03bc3e80-3e6d-f011-a373-0050568a2d1a
Nobber - D0487,Incident,Uncontrolled Release,https://leap.epa.ie/licence-profile/D0487/compliance/incident/07abab2a-4462-f011-a373-0050568a2d1a,2025-07-30T00:00:00+00:00,Closed,2025-07-16T00:00:00,D0487,e40b04cf-b1fb-472e-bd4b-7fbdd3bad368,https://data.epa.ie/leap/api/v1/Incident/byid?incident_id=07abab2a-4462-f011-a373-0050568a2d1a
Drumconrath - D0483,Incident,WWTP flooded following heavy rainfall,https://leap.epa.ie/licence-profile/D0483/compliance/incident/1884b5bc-1367-f011-a373-0050568a2d1a,2025-07-30T00:00:00+00:00,Closed,2025-07-22T00:00:00,D0483,b0366045-2ae3-43a1-89f3-c1c5e5878d32,https://data.epa.ie/leap/api/v1/Incident/byid?incident_id=1884b5bc-1367-f011-a373-0050568a2d1a
Ringsend - D0034,Incident,Uncontrolled Release,https://leap.epa.ie/licence-profile/D0034/compliance/incident/2fdbb0cd-c967-f011-a373-0050568a2d1a,2025-07-30T00:00:00+00:00,Closed,2025-07-23T00:00:00,D0034,188b6e9c-77a4-4dd9-895c-17080f6af298,https://data.epa.ie/leap/api/v1/Incident/byid?incident_id=2fdbb0cd-c967-f011-a373-0050568a2d1a
Shanganagh-Bray - D0038,Incident,Uncontrolled Release,https://leap.epa.ie/licence-profile/D0038/compliance/incident/3828f8a8-a067-f011-a373-0050568a2d1a,2025-07-30T00:00:00+00:00,Closed,2025-07-23T00:00:00,D0038,55a0db98-f5e3-4eea-b4b0-1d2fb1cf1469,https://data.epa.ie/leap/api/v1/Incident/byid?incident_id=3828f8a8-a067-f011-a373-0050568a2d1a
Louth Village - D0263,Incident,Uncontrolled Release,https://leap.epa.ie/licence-profile/D0263/compliance/incident/3b0d423a-5c6d-f011-a373-0050568a2d1a,2025-07-30T00:00:00+00:00,Open,2025-07-30T00:00:00,D0263,95d7b28d-089e-4a58-966e-19f4b79f375a,https://data.epa.ie/leap/api/v1/Incident/byid?incident_id=3b0d423a-5c6d-f011-a373-0050568a2d1a
Shanganagh-Bray - D0038,Incident,Uncontrolled Release,https://leap.epa.ie/licence-profile/D0038/compliance/incident/5a19d01a-9f67-f011-a373-0050568a2d1a,2025-07-30T00:00:00+00:00,Closed,2025-07-23T00:00:00,D0038,55a0db98-f5e3-4eea-b4b0-1d2fb1cf1469,https://data.epa.ie/leap/api/v1/Incident/byid?incident_id=5a19d01a-9f67-f011-a373-0050568a2d1a
Crusheen - D0424,Incident,Monitoring Equipment Issues,https://leap.epa.ie/licence-profile/D0424/compliance/incident/71438699-1c6d-f011-a373-0050568a2d1a,2025-07-30T00:00:00+00:00,Open,2025-07-30T00:00:00,D0424,d12981d4-e213-4926-9382-aa549d9150e3,https://data.epa.ie/leap/api/v1/Incident/byid?incident_id=71438699-1c6d-f011-a373-0050568a2d1a
Intel Ireland Limited - P0207,Incident,Monitoring Equipment Issues,https://leap.epa.ie/licence-profile/P0207/compliance/incident/78e7f4d5-6169-f011-a373-0050568a2d1a,2025-07-30T00:00:00+00:00,Closed,2025-07-25T00:00:00,P0207,2c0af8b7-fb39-4182-bc57-f49fdcb25313,https://data.epa.ie/leap/api/v1/Incident/byid?incident_id=78e7f4d5-6169-f011-a373-0050568a2d1a
Crusheen - D0424,Incident,Abatement equipment off-line,https://leap.epa.ie/licence-profile/D0424/compliance/incident/7b682118-1d6d-f011-a373-0050568a2d1a,2025-07-30T00:00:00+00:00,Open,2025-07-30T00:00:00,D0424,d12981d4-e213-4926-9382-aa549d9150e3,https://data.epa.ie/leap/api/v1/Incident/byid?incident_id=7b682118-1d6d-f011-a373-0050568a2d1a
Ringsend - D0034,Incident,Uncontrolled Release,https://leap.epa.ie/licence-profile/D0034/compliance/incident/8a5663a5-9a67-f011-a373-0050568a2d1a,2025-07-30T00:00:00+00:00,Closed,2025-07-23T00:00:00,D0034,188b6e9c-77a4-4dd9-895c-17080f6af298,https://data.epa.ie/leap/api/v1/Incident/byid?incident_id=8a5663a5-9a67-f011-a373-0050568a2d1a
Ringsend - D0034,Incident,Uncontrolled Release,https://leap.epa.ie/licence-profile/D0034/compliance/incident/a01bb125-1c6d-f011-a373-0050568a2d1a,2025-07-30T00:00:00+00:00,Closed,2025-07-30T00:00:00,D0034,188b6e9c-77a4-4dd9-895c-17080f6af298,https://data.epa.ie/leap/api/v1/Incident/byid?incident_id=a01bb125-1c6d-f011-a373-0050568a2d1a
Shanganagh-Bray - D0038,Incident,Uncontrolled Release,https://leap.epa.ie/licence-profile/D0038/compliance/incident/a4154bf3-9e67-f011-a373-0050568a2d1a,2025-07-30T00:00:00+00:00,Closed,2025-07-23T00:00:00,D0038,55a0db98-f5e3-4eea-b4b0-1d2fb1cf1469,https://data.epa.ie/leap/api/v1/Incident/byid?incident_id=a4154bf3-9e67-f011-a373-0050568a2d1a
Vermilion Exploration and Production Ireland Limited - P0738,Incident,Breach of ELV,https://leap.epa.ie/licence-profile/P0738/compliance/incident/b762a82e-586d-f011-a373-0050568a2d1a,2025-07-30T00:00:00+00:00,Open,2025-07-30T00:00:00,P0738,aa3749e0-2af5-4c42-b314-e161593785e9,https://data.epa.ie/leap/api/v1/Incident/byid?incident_id=b762a82e-586d-f011-a373-0050568a2d1a
Sigma-Aldrich Ireland Limited - P0089,Incident,Abatement equipment off-line,https://leap.epa.ie/licence-profile/P0089/compliance/incident/e24b0488-4162-f011-a373-0050568a2d1a,2025-07-30T00:00:00+00:00,Closed,2025-07-16T00:00:00,P0089,661072a9-52f4-4501-9aa9-83d62658a278,https://data.epa.ie/leap/api/v1/Incident/byid?incident_id=e24b0488-4162-f011-a373-0050568a2d1a
Minch Malt Limited - P1129,Incident,Breach of ELV,https://leap.epa.ie/licence-profile/P1129/compliance/incident/f2f933b7-6b65-f011-a373-0050568a2d1a,2025-07-30T00:00:00+00:00,Closed,2025-07-20T00:00:00,P1129,d95973f9-643d-4418-9039-0e9d412eb420,https://data.epa.ie/leap/api/v1/Incident/byid?incident_id=f2f933b7-6b65-f011-a373-0050568a2d1a
Ringsend - D0034,Incident,Uncontrolled Release,https://leap.epa.ie/licence-profile/D0034/compliance/incident/f43ec078-ba6b-f011-a373-0050568a2d1a,2025-07-30T00:00:00+00:00,Closed,2025-07-28T00:00:00,D0034,188b6e9c-77a4-4dd9-895c-17080f6af298,https://data.epa.ie/leap/api/v1/Incident/byid?incident_id=f43ec078-ba6b-f011-a373-0050568a2d1a
Ringsend - D0034,Incident,Uncontrolled Release,https://leap.epa.ie/licence-profile/D0034/compliance/incident/ff99e9c6-9b67-f011-a373-0050568a2d1a,2025-07-30T00:00:00+00:00,Closed,2025-07-23T00:00:00,D0034,188b6e9c-77a4-4dd9-895c-17080f6af298,https://data.epa.ie/leap/api/v1/Incident/byid?incident_id=ff99e9c6-9b67-f011-a373-0050568a2d1a
Electricity Supply Board (Moneypoint) - P0605,Requests for Approval and Site Reports,Requirement to empty southern reservoir for cleaning purposes,https://leap.epa.ie/licence-profile/P0605/compliance/return/07d1bd56-a56b-f011-a373-0050568a2d1a,2025-07-30T00:00:00+00:00,Closed,2025-07-28T00:00:00,P0605,d7347f12-ed09-4cff-b9e0-6b40203819d8,https://data.epa.ie/leap/api/v1/LicenseeReturns/byid?lr_id=07d1bd56-a56b-f011-a373-0050568a2d1a
MS Patterson Ltd - P0968,Site Updates/Notifications,Waste disposal + Record 3,https://leap.epa.ie/licence-profile/P0968/compliance/return/1536d82f-616c-f011-a373-0050568a2d1a,2025-07-30T00:00:00+00:00,Closed,2025-07-29T00:00:00,P0968,be40eff5-f240-e511-a5db-0050568a69e2,https://data.epa.ie/leap/api/v1/LicenseeReturns/byid?lr_id=1536d82f-616c-f011-a373-0050568a2d1a
Bord na Mona Fuels Limited (Littleton) - P0499,Site Updates/Notifications,Killeens Bog Rehabilitation,https://leap.epa.ie/licence-profile/P0499/compliance/return/15519c3b-936b-f011-a373-0050568a2d1a,2025-07-30T00:00:00+00:00,Closed,2025-07-28T00:00:00,P0499,1e384bcf-2e81-4552-b390-cf4b477f119f,https://data.epa.ie/leap/api/v1/LicenseeReturns/byid?lr_id=15519c3b-936b-f011-a373-0050568a2d1a
MS Patterson Ltd - P0968,Site Updates/Notifications,Slurry removal,https://leap.epa.ie/licence-profile/P0968/compliance/return/1a1f10a5-656c-f011-a373-0050568a2d1a,2025-07-30T00:00:00+00:00,Closed,2025-07-29T00:00:00,P0968,be40eff5-f240-e511-a5db-0050568a69e2,https://data.epa.ie/leap/api/v1/LicenseeReturns/byid?lr_id=1a1f10a5-656c-f011-a373-0050568a2d1a
Eli Lilly Kinsale Limited - P0009,Annual Environmental Report,Supplemental Annual reports,https://leap.epa.ie/licence-profile/P0009/compliance/return/2021c5d1-a461-f011-a373-0050568a2d1a,2025-07-30T00:00:00+00:00,Closed,2025-07-15T00:00:00,P0009,9749c6a2-a309-4de2-af1c-37bb5381d391,https://data.epa.ie/leap/api/v1/LicenseeReturns/byid?lr_id=2021c5d1-a461-f011-a373-0050568a2d1a
Mannok Cement Limited - P0378,Requests for Approval and Site Reports,Kiln SRF Test Programme Monthly Report 3,https://leap.epa.ie/licence-profile/P0378/compliance/return/23374604-0e63-f011-a373-0050568a2d1a,2025-07-30T00:00:00+00:00,Closed,2025-07-17T00:00:00,P0378,378af8f1-f920-4793-8c2b-269b8f1da13a,https://data.epa.ie/leap/api/v1/LicenseeReturns/byid?lr_id=23374604-0e63-f011-a373-0050568a2d1a
Henkel Ireland Operations and Research Ireland Limited (Tallaght) - P0079,Requests for Approval and Site Reports,2025 SW1 Trigger levels Raw Data,https://leap.epa.ie/licence-profile/P0079/compliance/return/2383ba51-d863-f011-a373-0050568a2d1a,2025-07-30T00:00:00+00:00,Closed,2025-07-18T00:00:00,P0079,af2d8f84-1b57-424a-a46a-a029fa9d4cda,https://data.epa.ie/leap/api/v1/LicenseeReturns/byid?lr_id=2383ba51-d863-f011-a373-0050568a2d1a
Janssen Pharmaceutical Sciences UC - P0016,Site Updates/Notifications,Complaint - Month of June,https://leap.epa.ie/licence-profile/P0016/compliance/return/28cd019e-6f61-f011-a373-0050568a2d1a,2025-07-30T00:00:00+00:00,Closed,2025-07-15T00:00:00,P0016,41c94cd2-239f-4687-9bb2-b8ef6ceb0bec,https://data.epa.ie/leap/api/v1/LicenseeReturns/byid?lr_id=28cd019e-6f61-f011-a373-0050568a2d1a
Port of Waterford. - S0012,Site Updates/Notifications,Completion notice mid July ploughing,https://leap.epa.ie/licence-profile/S0012/compliance/return/2e084f40-f066-f011-a373-0050568a2d1a,2025-07-30T00:00:00+00:00,Closed,2025-07-22T00:00:00,S0012,d3e61a83-98a6-e611-8d41-0050568a69e2,https://data.epa.ie/leap/api/v1/LicenseeReturns/byid?lr_id=2e084f40-f066-f011-a373-0050568a2d1a
"MSD International GmbH, trading as MSD Ireland (Brinny) - P0005",Site Updates/Notifications,Licensee Public Response - SV32754,https://leap.epa.ie/licence-profile/P0005/compliance/return/33f35cef-5d63-f011-a373-0050568a2d1a,2025-07-30T00:00:00+00:00,Closed,2025-07-17T00:00:00,P0005,402b12ea-8c77-4050-bc57-908a1f088899,https://data.epa.ie/leap/api/v1/LicenseeReturns/byid?lr_id=33f35cef-5d63-f011-a373-0050568a2d1a
FSW Coatings Limited - P0244,Monitoring Returns,2507_Storm water,https://leap.epa.ie/licence-profile/P0244/compliance/return/4ca5663c-516d-f011-a373-0050568a2d1a,2025-07-30T00:00:00+00:00,Closed,2025-07-30T00:00:00,P0244,d5f83054-c22b-4601-8665-9b4d3f00a538,https://data.epa.ie/leap/api/v1/LicenseeReturns/byid?lr_id=4ca5663c-516d-f011-a373-0050568a2d1a
Sigma-Aldrich Ireland Limited - P0089,Site Updates/Notifications,Quarterly Bypass Report,https://leap.epa.ie/licence-profile/P0089/compliance/return/5cfa8b41-e115-f011-a373-0050568a2d1a,2025-07-30T00:00:00+00:00,Closed,2025-04-10T00:00:00,P0089,661072a9-52f4-4501-9aa9-83d62658a278,https://data.epa.ie/leap/api/v1/LicenseeReturns/byid?lr_id=5cfa8b41-e115-f011-a373-0050568a2d1a
Leprino Foods EU Limited - P1108,Site Updates/Notifications,Cleaning of Composite Sampler Action1.2,https://leap.epa.ie/licence-profile/P1108/compliance/return/65e9fd32-28f8-ef11-a373-0050568a2d1a,2025-07-30T00:00:00+00:00,Closed,2025-03-03T00:00:00,P1108,07b51f43-c9b6-4d5a-b6c9-39e5fa5f92b1,https://data.epa.ie/leap/api/v1/LicenseeReturns/byid?lr_id=65e9fd32-28f8-ef11-a373-0050568a2d1a
MSD International GmbH t/a MSD Ireland (Dunboyne Biologics) - P1073,Site Updates/Notifications,SE-1 Point to be Powered down for 1-hour during electrical shutdown,https://leap.epa.ie/licence-profile/P1073/compliance/return/6f8b207b-6a69-f011-a373-0050568a2d1a,2025-07-30T00:00:00+00:00,Closed,2025-07-25T00:00:00,P1073,541d080f-45b6-448e-8327-82e0cb13dc2e,https://data.epa.ie/leap/api/v1/LicenseeReturns/byid?lr_id=6f8b207b-6a69-f011-a373-0050568a2d1a
Dublin Port - S0004,Site Updates/Notifications,Commencement Notice,https://leap.epa.ie/licence-profile/S0004/compliance/return/73896b8f-216d-f011-a373-0050568a2d1a,2025-07-30T00:00:00+00:00,Open,2025-07-30T00:00:00,S0004,c3e61a83-98a6-e611-8d41-0050568a69e2,https://data.epa.ie/leap/api/v1/LicenseeReturns/byid?lr_id=73896b8f-216d-f011-a373-0050568a2d1a
Sigma-Aldrich Ireland Limited - P0089,Site Updates/Notifications,Quarterly Bypass Return,https://leap.epa.ie/licence-profile/P0089/compliance/return/7bc45703-dfd4-ef11-a36f-0050568a2d1a,2025-07-30T00:00:00+00:00,Closed,2025-01-17T00:00:00,P0089,661072a9-52f4-4501-9aa9-83d62658a278,https://data.epa.ie/leap/api/v1/LicenseeReturns/byid?lr_id=7bc45703-dfd4-ef11-a36f-0050568a2d1a
Tramore Waste Disposal Site - W0075,Monitoring Returns,Q1 2025 Surface Water,https://leap.epa.ie/licence-profile/W0075/compliance/return/890d04ee-d70e-f011-a373-0050568a2d1a,2025-07-30T00:00:00+00:00,Closed,2025-04-01T00:00:00,W0075,40137712-e0e3-47b6-96c4-02f3a277169a,https://data.epa.ie/leap/api/v1/LicenseeReturns/byid?lr_id=890d04ee-d70e-f011-a373-0050568a2d1a
Sigma-Aldrich Ireland Limited - P0089,Site Updates/Notifications,Thermal Oxidiser shut down for the weekend (17th - 21st April),https://leap.epa.ie/licence-profile/P0089/compliance/return/8d4116e2-ff1c-f011-a373-0050568a2d1a,2025-07-30T00:00:00+00:00,Closed,2025-04-19T00:00:00,P0089,661072a9-52f4-4501-9aa9-83d62658a278,https://data.epa.ie/leap/api/v1/LicenseeReturns/byid?lr_id=8d4116e2-ff1c-f011-a373-0050568a2d1a
embecta Penel Limited - P0648,Site Updates/Notifications,Response to site visit report SV31893,https://leap.epa.ie/licence-profile/P0648/compliance/return/90556cee-ca63-f011-a373-0050568a2d1a,2025-07-30T00:00:00+00:00,Closed,2025-07-18T00:00:00,P0648,9fe42fd4-7f61-4d91-8ab9-5e11f69582b7,https://data.epa.ie/leap/api/v1/LicenseeReturns/byid?lr_id=90556cee-ca63-f011-a373-0050568a2d1a
Sigma-Aldrich Ireland Limited - P0089,Monitoring Returns,Mass Emission Limit – Suspended Solids (25th June),https://leap.epa.ie/licence-profile/P0089/compliance/return/a1e91117-5f56-f011-a373-0050568a2d1a,2025-07-30T00:00:00+00:00,Closed,2025-07-01T00:00:00,P0089,661072a9-52f4-4501-9aa9-83d62658a278,https://data.epa.ie/leap/api/v1/LicenseeReturns/byid?lr_id=a1e91117-5f56-f011-a373-0050568a2d1a
Irish Cement Limited (Platin) - P0030,Site Updates/Notifications,SV31690 Additional Information,https://leap.epa.ie/licence-profile/P0030/compliance/return/b0c33110-d367-f011-a373-0050568a2d1a,2025-07-30T00:00:00+00:00,Closed,2025-07-23T00:00:00,P0030,d35a8ce3-2aa7-4796-b118-b9fd69335ba1,https://data.epa.ie/leap/api/v1/LicenseeReturns/byid?lr_id=b0c33110-d367-f011-a373-0050568a2d1a
Alexion Pharma International Operations Limited & Astrazeneca Ireland Limited - P1030,Site Updates/Notifications,Licensee Public Response - SV32740,https://leap.epa.ie/licence-profile/P1030/compliance/return/b3112767-306d-f011-a373-0050568a2d1a,2025-07-30T00:00:00+00:00,Closed,2025-07-30T00:00:00,P1030,f89123ac-6738-e611-99f8-0050568a69e2,https://data.epa.ie/leap/api/v1/LicenseeReturns/byid?lr_id=b3112767-306d-f011-a373-0050568a2d1a
Sigma-Aldrich Ireland Limited - P0089,Site Updates/Notifications,Quarterly TO Bypass Return Q2 2025,https://leap.epa.ie/licence-profile/P0089/compliance/return/b9165d3b-1458-f011-a373-0050568a2d1a,2025-07-30T00:00:00+00:00,Closed,2025-07-03T00:00:00,P0089,661072a9-52f4-4501-9aa9-83d62658a278,https://data.epa.ie/leap/api/v1/LicenseeReturns/byid?lr_id=b9165d3b-1458-f011-a373-0050568a2d1a
Electricity Supply Board (Marina) - P0578,Requests for Approval and Site Reports,ESB Marina Proposed Site Investigations works by ESB Networks,https://leap.epa.ie/licence-profile/P0578/compliance/return/bcba602b-3d69-f011-a373-0050568a2d1a,2025-07-30T00:00:00+00:00,Closed,2025-07-25T00:00:00,P0578,70beb5b6-cbd4-46c7-bf69-5afd4526aae5,https://data.epa.ie/leap/api/v1/LicenseeReturns/byid?lr_id=bcba602b-3d69-f011-a373-0050568a2d1a
Electricity Supply Board (Moneypoint) - P0605,Requests for Approval and Site Reports,Requirement to empty southern reservoir for cleaning purposes,https://leap.epa.ie/licence-profile/P0605/compliance/return/bf3246e7-a96b-f011-a373-0050568a2d1a,2025-07-30T00:00:00+00:00,Closed,2025-07-28T00:00:00,P0605,d7347f12-ed09-4cff-b9e0-6b40203819d8,https://data.epa.ie/leap/api/v1/LicenseeReturns/byid?lr_id=bf3246e7-a96b-f011-a373-0050568a2d1a
Hollister ULC - P0918,Monitoring Returns,2025 Q3 SE1 Sample,https://leap.epa.ie/licence-profile/P0918/compliance/return/c9660aa8-a06b-f011-a373-0050568a2d1a,2025-07-30T00:00:00+00:00,Closed,2025-07-28T00:00:00,P0918,fa3b3496-a792-431f-91c4-d2a8ff782076,https://data.epa.ie/leap/api/v1/LicenseeReturns/byid?lr_id=c9660aa8-a06b-f011-a373-0050568a2d1a
Kilbarry Landfill Site - W0018,Monitoring Returns,2025 slope stability survey,https://leap.epa.ie/licence-profile/W0018/compliance/return/ce9c50a0-792a-f011-a373-0050568a2d1a,2025-07-30T00:00:00+00:00,Closed,2025-05-06T00:00:00,W0018,73fbb170-e9d4-4c99-8dc8-9bcaaa1213b5,https://data.epa.ie/leap/api/v1/LicenseeReturns/byid?lr_id=ce9c50a0-792a-f011-a373-0050568a2d1a
Anglo Beef Processors Ireland Unlimited Company t/a ABP Proteins Waterford - P0040,Site Updates/Notifications,response SV30663,https://leap.epa.ie/licence-profile/P0040/compliance/return/d3dea1b4-67b9-ef11-a36c-0050568a2d1a,2025-07-30T00:00:00+00:00,Closed,2024-12-13T00:00:00,P0040,c4a88361-1b4e-4f46-89d9-6655753bb9e6,https://data.epa.ie/leap/api/v1/LicenseeReturns/byid?lr_id=d3dea1b4-67b9-ef11-a36c-0050568a2d1a
Tramore Waste Disposal Site - W0075,Monitoring Returns,Q1 2025 Ground Water monitoring Report,https://leap.epa.ie/licence-profile/W0075/compliance/return/d5dcf606-d70e-f011-a373-0050568a2d1a,2025-07-30T00:00:00+00:00,Closed,2025-04-01T00:00:00,W0075,40137712-e0e3-47b6-96c4-02f3a277169a,https://data.epa.ie/leap/api/v1/LicenseeReturns/byid?lr_id=d5dcf606-d70e-f011-a373-0050568a2d1a
MS Patterson Ltd - P0968,Site Updates/Notifications,Monitoring Records,https://leap.epa.ie/licence-profile/P0968/compliance/return/d60a9c06-666c-f011-a373-0050568a2d1a,2025-07-30T00:00:00+00:00,Closed,2025-07-29T00:00:00,P0968,be40eff5-f240-e511-a5db-0050568a69e2,https://data.epa.ie/leap/api/v1/LicenseeReturns/byid?lr_id=d60a9c06-666c-f011-a373-0050568a2d1a
Hollister ULC - P0918,Monitoring Returns,2025 Q3 SW 1 & 2,https://leap.epa.ie/licence-profile/P0918/compliance/return/e77ca73b-9e6b-f011-a373-0050568a2d1a,2025-07-30T00:00:00+00:00,Closed,2025-07-28T00:00:00,P0918,fa3b3496-a792-431f-91c4-d2a8ff782076,https://data.epa.ie/leap/api/v1/LicenseeReturns/byid?lr_id=e77ca73b-9e6b-f011-a373-0050568a2d1a
Kildare County Council - P1063,Monitoring Returns,Annual Groundwater Report 2024,https://leap.epa.ie/licence-profile/P1063/compliance/return/f8dba741-390e-f011-a373-0050568a2d1a,2025-07-30T00:00:00+00:00,Closed,2025-03-31T00:00:00,P1063,d327580f-5fd8-e811-a2db-0050568a66b2,https://data.epa.ie/leap/api/v1/LicenseeReturns/byid?lr_id=f8dba741-390e-f011-a373-0050568a2d1a
Dungarvan Waste Disposal Site - W0032,Monitoring Returns,Q1 2025 Ground Water monitoring Report,https://leap.epa.ie/licence-profile/W0032/compliance/return/fc284cf3-9610-f011-a373-0050568a2d1a,2025-07-30T00:00:00+00:00,Closed,2025-04-03T00:00:00,W0032,c05d6935-9ea3-4293-9701-a683e71e1b02,https://data.epa.ie/leap/api/v1/LicenseeReturns/byid?lr_id=fc284cf3-9610-f011-a373-0050568a2d1a
Rosderra Farms (Rosenallis) - P0418,Non Compliance,,https://leap.epa.ie/licence-profile/P0418/compliance/non-compliance/0e8260c4-496d-f011-a373-0050568a2d1a,2025-07-30T00:00:00+00:00,Issued,2025-07-30T00:00:00,P0418,03f930be-d1e4-41b8-9e66-a86aa4343a2b,https://data.epa.ie/leap/api/v1/NonCompliance/byid?nc_id=0e8260c4-496d-f011-a373-0050568a2d1a
Rosderra Farms (Rosenallis) - P0418,Non Compliance,,https://leap.epa.ie/licence-profile/P0418/compliance/non-compliance/36ce3c4b-4d6d-f011-a373-0050568a2d1a,2025-07-30T00:00:00+00:00,Issued,2025-07-30T00:00:00,P0418,03f930be-d1e4-41b8-9e66-a86aa4343a2b,https://data.epa.ie/leap/api/v1/NonCompliance/byid?nc_id=36ce3c4b-4d6d-f011-a373-0050568a2d1a
Allergan Pharmaceuticals Ireland Unlimited Company - P0126,Non Compliance,,https://leap.epa.ie/licence-profile/P0126/compliance/non-compliance/3a55670c-0a5c-f011-a373-0050568a2d1a,2025-07-30T00:00:00+00:00,Issued,2025-07-30T00:00:00,P0126,cbef24a2-cdd0-40f5-9b6c-93ecbcf24c3c,https://data.epa.ie/leap/api/v1/NonCompliance/byid?nc_id=3a55670c-0a5c-f011-a373-0050568a2d1a
Zinc Processors Limited Trading As Shannonside Galvanizing - P0650,Non Compliance,,https://leap.epa.ie/licence-profile/P0650/compliance/non-compliance/42e00ec0-426d-f011-a373-0050568a2d1a,2025-07-30T00:00:00+00:00,Issued,2025-07-30T00:00:00,P0650,4f1f67a4-0f13-4d2d-a451-d546f03f1cb4,https://data.epa.ie/leap/api/v1/NonCompliance/byid?nc_id=42e00ec0-426d-f011-a373-0050568a2d1a
Zinc Processors Limited Trading As Shannonside Galvanizing - P0650,Non Compliance,,https://leap.epa.ie/licence-profile/P0650/compliance/non-compliance/61f75ab5-3a6d-f011-a373-0050568a2d1a,2025-07-30T00:00:00+00:00,Issued,2025-07-30T00:00:00,P0650,4f1f67a4-0f13-4d2d-a451-d546f03f1cb4,https://data.epa.ie/leap/api/v1/NonCompliance/byid?nc_id=61f75ab5-3a6d-f011-a373-0050568a2d1a
Rosderra Farms (Rosenallis) - P0418,Non Compliance,,https://leap.epa.ie/licence-profile/P0418/compliance/non-compliance/6a20e1dd-4b6d-f011-a373-0050568a2d1a,2025-07-30T00:00:00+00:00,Issued,2025-07-30T00:00:00,P0418,03f930be-d1e4-41b8-9e66-a86aa4343a2b,https://data.epa.ie/leap/api/v1/NonCompliance/byid?nc_id=6a20e1dd-4b6d-f011-a373-0050568a2d1a
Minch Malt Limited - P1129,Non Compliance,,https://leap.epa.ie/licence-profile/P1129/compliance/non-compliance/7298ab13-5b6d-f011-a373-0050568a2d1a,2025-07-30T00:00:00+00:00,Issued,2025-07-30T00:00:00,P1129,d95973f9-643d-4418-9039-0e9d412eb420,https://data.epa.ie/leap/api/v1/NonCompliance/byid?nc_id=7298ab13-5b6d-f011-a373-0050568a2d1a
Starrus Eco Holdings Limited (Millenium Business Park) - W0183,Non Compliance,,https://leap.epa.ie/licence-profile/W0183/compliance/non-compliance/8d2cab94-806c-f011-a373-0050568a2d1a,2025-07-30T00:00:00+00:00,Issued,2025-07-30T00:00:00,W0183,cf22f339-6828-4cec-af41-c14e1aa882b4,https://data.epa.ie/leap/api/v1/NonCompliance/byid?nc_id=8d2cab94-806c-f011-a373-0050568a2d1a
Rosderra Farms (Rosenallis) - P0418,Non Compliance,,https://leap.epa.ie/licence-profile/P0418/compliance/non-compliance/a0e2a871-4c6d-f011-a373-0050568a2d1a,2025-07-30T00:00:00+00:00,Issued,2025-07-30T00:00:00,P0418,03f930be-d1e4-41b8-9e66-a86aa4343a2b,https://data.epa.ie/leap/api/v1/NonCompliance/byid?nc_id=a0e2a871-4c6d-f011-a373-0050568a2d1a
Hi-Volt Ireland Limited - W0267,Non Compliance,,https://leap.epa.ie/licence-profile/W0267/compliance/non-compliance/a89f72a8-8468-f011-a373-0050568a2d1a,2025-07-30T00:00:00+00:00,Issued,2025-07-30T00:00:00,W0267,a188b980-cf45-4a01-bb07-06f9fa78a1c2,https://data.epa.ie/leap/api/v1/NonCompliance/byid?nc_id=a89f72a8-8468-f011-a373-0050568a2d1a
Rosderra Farms (Rosenallis) - P0418,Non Compliance,,https://leap.epa.ie/licence-profile/P0418/compliance/non-compliance/b64328d1-4c6d-f011-a373-0050568a2d1a,2025-07-30T00:00:00+00:00,Issued,2025-07-30T00:00:00,P0418,03f930be-d1e4-41b8-9e66-a86aa4343a2b,https://data.epa.ie/leap/api/v1/NonCompliance/byid?nc_id=b64328d1-4c6d-f011-a373-0050568a2d1a
Kildare Chilling Company - P0170,Non Compliance,,https://leap.epa.ie/licence-profile/P0170/compliance/non-compliance/bc1505ae-556d-f011-a373-0050568a2d1a,2025-07-30T00:00:00+00:00,Issued,2025-07-30T00:00:00,P0170,6ce04b23-861c-4654-8726-fef6ed4c0f77,https://data.epa.ie/leap/api/v1/NonCompliance/byid?nc_id=bc1505ae-556d-f011-a373-0050568a2d1a
Hi-Volt Ireland Limited - W0267,Non Compliance,,https://leap.epa.ie/licence-profile/W0267/compliance/non-compliance/c4dd7e90-a46b-f011-a373-0050568a2d1a,2025-07-30T00:00:00+00:00,Issued,2025-07-30T00:00:00,W0267,a188b980-cf45-4a01-bb07-06f9fa78a1c2,https://data.epa.ie/leap/api/v1/NonCompliance/byid?nc_id=c4dd7e90-a46b-f011-a373-0050568a2d1a
Zinc Processors Limited Trading As Shannonside Galvanizing - P0650,Non Compliance,,https://leap.epa.ie/licence-profile/P0650/compliance/non-compliance/c70a0a47-3d6d-f011-a373-0050568a2d1a,2025-07-30T00:00:00+00:00,Issued,2025-07-30T00:00:00,P0650,4f1f67a4-0f13-4d2d-a451-d546f03f1cb4,https://data.epa.ie/leap/api/v1/NonCompliance/byid?nc_id=c70a0a47-3d6d-f011-a373-0050568a2d1a
Rosderra Farms (Rosenallis) - P0418,Non Compliance,,https://leap.epa.ie/licence-profile/P0418/compliance/non-compliance/ce4d3eca-4e6d-f011-a373-0050568a2d1a,2025-07-30T00:00:00+00:00,Issued,2025-07-30T00:00:00,P0418,03f930be-d1e4-41b8-9e66-a86aa4343a2b,https://data.epa.ie/leap/api/v1/NonCompliance/byid?nc_id=ce4d3eca-4e6d-f011-a373-0050568a2d1a
Hi-Volt Ireland Limited - W0267,Non Compliance,,https://leap.epa.ie/licence-profile/W0267/compliance/non-compliance/d5805387-9b6b-f011-a373-0050568a2d1a,2025-07-30T00:00:00+00:00,Issued,2025-07-30T00:00:00,W0267,a188b980-cf45-4a01-bb07-06f9fa78a1c2,https://data.epa.ie/leap/api/v1/NonCompliance/byid?nc_id=d5805387-9b6b-f011-a373-0050568a2d1a
Rosderra Farms (Rosenallis) - P0418,Non Compliance,,https://leap.epa.ie/licence-profile/P0418/compliance/non-compliance/e067b2ad-4d6d-f011-a373-0050568a2d1a,2025-07-30T00:00:00+00:00,Issued,2025-07-30T00:00:00,P0418,03f930be-d1e4-41b8-9e66-a86aa4343a2b,https://data.epa.ie/leap/api/v1/NonCompliance/byid?nc_id=e067b2ad-4d6d-f011-a373-0050568a2d1a
Hi-Volt Ireland Limited - W0267,Non Compliance,,https://leap.epa.ie/licence-profile/W0267/compliance/non-compliance/f87adcd4-a268-f011-a373-0050568a2d1a,2025-07-30T00:00:00+00:00,Issued,2025-07-30T00:00:00,W0267,a188b980-cf45-4a01-bb07-06f9fa78a1c2,https://data.epa.ie/leap/api/v1/NonCompliance/byid?nc_id=f87adcd4-a268-f011-a373-0050568a2d1a
Hi-Volt Ireland Limited - W0267,Site Visit,,https://leap.epa.ie/licence-profile/W0267/compliance/sitevisit/14409c1f-a6d1-ef11-a325-0050568a66b2,2025-07-30T00:00:00+00:00,Closed,2025-07-10T00:00:00,W0267,a188b980-cf45-4a01-bb07-06f9fa78a1c2,https://data.epa.ie/leap/api/v1/SiteVisit/byid?sv_id=14409c1f-a6d1-ef11-a325-0050568a66b2
SLRON Rathgar - L0040,Site Visit,,https://leap.epa.ie/licence-profile/L0040/compliance/sitevisit/22551d56-f845-f011-a373-0050568a2d1a,2025-07-30T00:00:00+00:00,Closed,2025-06-24T00:00:00,L0040,400baa9d-7fb7-e411-b3b4-0050568a69e2,https://data.epa.ie/leap/api/v1/SiteVisit/byid?sv_id=22551d56-f845-f011-a373-0050568a2d1a
SLRON St James - L2822,Site Visit,,https://leap.epa.ie/licence-profile/L2822/compliance/sitevisit/6a337974-f945-f011-a373-0050568a2d1a,2025-07-30T00:00:00+00:00,Closed,2025-06-25T00:00:00,L2822,861caa9d-7fb7-e411-b3b4-0050568a69e2,https://data.epa.ie/leap/api/v1/SiteVisit/byid?sv_id=6a337974-f945-f011-a373-0050568a2d1a
Allergan Pharmaceuticals Ireland Unlimited Company - P0126,Site Visit,,https://leap.epa.ie/licence-profile/P0126/compliance/sitevisit/9f3d93af-0651-f011-a373-0050568a2d1a,2025-07-30T00:00:00+00:00,Closed,2025-06-24T00:00:00,P0126,cbef24a2-cdd0-40f5-9b6c-93ecbcf24c3c,https://data.epa.ie/leap/api/v1/SiteVisit/byid?sv_id=9f3d93af-0651-f011-a373-0050568a2d1a
SLRON St James - L2822,Site Visit,,https://leap.epa.ie/licence-profile/L2822/compliance/sitevisit/a439a831-fa45-f011-a373-0050568a2d1a,2025-07-30T00:00:00+00:00,Closed,2025-06-25T00:00:00,L2822,861caa9d-7fb7-e411-b3b4-0050568a69e2,https://data.epa.ie/leap/api/v1/SiteVisit/byid?sv_id=a439a831-fa45-f011-a373-0050568a2d1a
Abbeycourt (Abbeylara) - A0539,Site Visit,,https://leap.epa.ie/licence-profile/A0539/compliance/sitevisit/bffdfdde-03f9-ef11-a325-0050568a66b2,2025-07-30T00:00:00+00:00,Closed,2025-07-09T00:00:00,A0539,b39eb82a-33e5-480b-8acb-cc643b063a7f,https://data.epa.ie/leap/api/v1/SiteVisit/byid?sv_id=bffdfdde-03f9-ef11-a325-0050568a66b2
Kenagh - A0528,Site Visit,,https://leap.epa.ie/licence-profile/A0528/compliance/sitevisit/c3fdfdde-03f9-ef11-a325-0050568a66b2,2025-07-30T00:00:00+00:00,Closed,2025-07-09T00:00:00,A0528,99521bdd-2717-471b-9291-0eb4c0241be6,https://data.epa.ie/leap/api/v1/SiteVisit/byid?sv_id=c3fdfdde-03f9-ef11-a325-0050568a66b2
Starrus Eco Holdings Limited (Millenium Business Park) - W0183,Site Visit,,https://leap.epa.ie/licence-profile/W0183/compliance/sitevisit/c8315c57-9d60-f011-a373-0050568a2d1a,2025-07-30T00:00:00+00:00,Closed,2025-07-11T00:00:00,W0183,cf22f339-6828-4cec-af41-c14e1aa882b4,https://data.epa.ie/leap/api/v1/SiteVisit/byid?sv_id=c8315c57-9d60-f011-a373-0050568a2d1a
Navan - D0059,Site Visit,,https://leap.epa.ie/licence-profile/D0059/compliance/sitevisit/dffdfdde-03f9-ef11-a325-0050568a66b2,2025-07-30T00:00:00+00:00,Closed,2025-07-17T00:00:00,D0059,6426b66e-5187-4636-b13a-0f16fb02d17a,https://data.epa.ie/leap/api/v1/SiteVisit/byid?sv_id=dffdfdde-03f9-ef11-a325-0050568a66b2
Enfield - D0131,Site Visit,,https://leap.epa.ie/licence-profile/D0131/compliance/sitevisit/e3fdfdde-03f9-ef11-a325-0050568a66b2,2025-07-30T00:00:00+00:00,Closed,2025-07-17T00:00:00,D0131,22bb3bf5-c00e-46d3-810e-2562b53d9164,https://data.epa.ie/leap/api/v1/SiteVisit/byid?sv_id=e3fdfdde-03f9-ef11-a325-0050568a66b2
Rosderra Farms (Rosenallis) - P0418,Site Visit,,https://leap.epa.ie/licence-profile/P0418/compliance/sitevisit/ecf89a13-a6d1-ef11-a325-0050568a66b2,2025-07-30T00:00:00+00:00,Closed,2025-07-02T00:00:00,P0418,03f930be-d1e4-41b8-9e66-a86aa4343a2b,https://data.epa.ie/leap/api/v1/SiteVisit/byid?sv_id=ecf89a13-a6d1-ef11-a325-0050568a66b2
Arrabawn Co-operative Society Limited - P0791,Compliance Investigation,P0791-03: Loss of Control of WWTP and ELV Exceedances,https://leap.epa.ie/licence-profile/P0791/compliance/investigation/3caf6e78-ad55-f011-a373-0050568a2d1a,2025-07-29T00:00:00+00:00,Closed,2025-06-30T00:00:00,P0791,1d9f7773-fd97-4aa8-9cb5-9654f20dcc81,https://data.epa.ie/leap/api/v1/Ci/byid?ci_id=3caf6e78-ad55-f011-a373-0050568a2d1a
PDM Timber Treatment Limited - P0325,Complaint,"P0325-02, 20/07/2025",https://leap.epa.ie/licence-profile/P0325/compliance/complaint/27e3128f-a165-f011-a373-0050568a2d1a,2025-07-29T00:00:00+00:00,Closed,2025-07-20T00:00:00,P0325,9a5dfee4-003a-4c50-9ade-d074dff60ab8,https://data.epa.ie/leap/api/v1/Complaint/byid?complaint_id=27e3128f-a165-f011-a373-0050568a2d1a
"Ticknevin, Abbey Court - A0124",Complaint,"(T) Complaint relating to sewerage leak in a residential estate in Carbury, Kildare",https://leap.epa.ie/licence-profile/A0124/compliance/complaint/28d0e2ba-8d56-f011-a373-0050568a2d1a,2025-07-29T00:00:00+00:00,Closed,2025-07-01T00:00:00,A0124,813a85c6-4666-4feb-941e-a69047ed57fa,https://data.epa.ie/leap/api/v1/Complaint/byid?complaint_id=28d0e2ba-8d56-f011-a373-0050568a2d1a
PDM Timber Treatment Limited - P0325,Complaint,"P0325-02, 19/07/25, Odour",https://leap.epa.ie/licence-profile/P0325/compliance/complaint/5aec2731-a165-f011-a373-0050568a2d1a,2025-07-29T00:00:00+00:00,Closed,2025-07-20T00:00:00,P0325,9a5dfee4-003a-4c50-9ade-d074dff60ab8,https://data.epa.ie/leap/api/v1/Complaint/byid?complaint_id=5aec2731-a165-f011-a373-0050568a2d1a
PDM Timber Treatment Limited - P0325,Complaint,"P0325-02, 20/07/25, Odour",https://leap.epa.ie/licence-profile/P0325/compliance/complaint/656c5f26-9565-f011-a373-0050568a2d1a,2025-07-29T00:00:00+00:00,Closed,2025-07-20T00:00:00,P0325,9a5dfee4-003a-4c50-9ade-d074dff60ab8,https://data.epa.ie/leap/api/v1/Complaint/byid?complaint_id=656c5f26-9565-f011-a373-0050568a2d1a
PDM Timber Treatment Limited - P0325,Complaint,"P0325-02, 17/07/25, Odour",https://leap.epa.ie/licence-profile/P0325/compliance/complaint/676a3118-d162-f011-a373-0050568a2d1a,2025-07-29T00:00:00+00:00,Closed,2025-07-17T00:00:00,P0325,9a5dfee4-003a-4c50-9ade-d074dff60ab8,https://data.epa.ie/leap/api/v1/Complaint/byid?complaint_id=676a3118-d162-f011-a373-0050568a2d1a
Irish Cement Limited (Limerick) - P0029,Complaint,"P0029-06, 08/07/25, Noise Complaint",https://leap.epa.ie/licence-profile/P0029/compliance/complaint/b517a40b-d85c-f011-a373-0050568a2d1a,2025-07-29T00:00:00+00:00,Closed,2025-07-09T00:00:00,P0029,a20c2008-1c83-446a-957a-1d1c34b9b5f2,https://data.epa.ie/leap/api/v1/Complaint/byid?complaint_id=b517a40b-d85c-f011-a373-0050568a2d1a
Irish Cement Limited (Limerick) - P0029,Complaint,"P0029-06, 16/07/25, Noise",https://leap.epa.ie/licence-profile/P0029/compliance/complaint/c45aeaf7-5762-f011-a373-0050568a2d1a,2025-07-29T00:00:00+00:00,Closed,2025-07-16T00:00:00,P0029,a20c2008-1c83-446a-957a-1d1c34b9b5f2,https://data.epa.ie/leap/api/v1/Complaint/byid?complaint_id=c45aeaf7-5762-f011-a373-0050568a2d1a
PDM Timber Treatment Limited - P0325,Complaint,"P0325-02, 12/07/25, Odour",https://leap.epa.ie/licence-profile/P0325/compliance/complaint/cf33e873-9860-f011-a373-0050568a2d1a,2025-07-29T00:00:00+00:00,Closed,2025-07-14T00:00:00,P0325,9a5dfee4-003a-4c50-9ade-d074dff60ab8,https://data.epa.ie/leap/api/v1/Complaint/byid?complaint_id=cf33e873-9860-f011-a373-0050568a2d1a
Premier Periclase Limited - P0376,Incident,Single breach of the dust deposition limit recorded in June 2025 at the external monitoring location,https://leap.epa.ie/licence-profile/P0376/compliance/incident/0276fbf2-4f69-f011-a373-0050568a2d1a,2025-07-29T00:00:00+00:00,Closed,2025-07-25T00:00:00,P0376,e3d4cdd5-7ad0-4785-83af-614411710884,https://data.epa.ie/leap/api/v1/Incident/byid?incident_id=0276fbf2-4f69-f011-a373-0050568a2d1a
Diageo Ireland Unlimited Company - P0301,Incident,Fire,https://leap.epa.ie/licence-profile/P0301/compliance/incident/0ebfdc68-0d63-f011-a373-0050568a2d1a,2025-07-29T00:00:00+00:00,Closed,2025-07-17T00:00:00,P0301,9422c5bc-aabb-493f-ad04-862faabadfe0,https://data.epa.ie/leap/api/v1/Incident/byid?incident_id=0ebfdc68-0d63-f011-a373-0050568a2d1a
WuXi Biologics Ireland Limited - P1122,Incident,"F-Gas Leak 10.2kg of R410A which is the equivalent to 21.29 tonnes CO2 eq. and therefore, report",https://leap.epa.ie/licence-profile/P1122/compliance/incident/347b8787-8c6c-f011-a373-0050568a2d1a,2025-07-29T00:00:00+00:00,Open,2025-07-29T00:00:00,P1122,24698a50-4c1e-42ac-8e5c-ea83ce4429e7,https://data.epa.ie/leap/api/v1/Incident/byid?incident_id=347b8787-8c6c-f011-a373-0050568a2d1a
Dunleer - D0111,Incident,Uncontrolled Release,https://leap.epa.ie/licence-profile/D0111/compliance/incident/48004d87-896b-f011-a373-0050568a2d1a,2025-07-29T00:00:00+00:00,Closed,2025-07-28T00:00:00,D0111,30a57593-441a-41fd-81f8-94f607fd4f54,https://data.epa.ie/leap/api/v1/Incident/byid?incident_id=48004d87-896b-f011-a373-0050568a2d1a
Boyle Wastewater Treatment Works - D0121,Incident,Abatement equipment off-line,https://leap.epa.ie/licence-profile/D0121/compliance/incident/9aff51da-746c-f011-a373-0050568a2d1a,2025-07-29T00:00:00+00:00,Open,2025-07-29T00:00:00,D0121,c350d028-2914-480d-8f80-fee17e5a7cb9,https://data.epa.ie/leap/api/v1/Incident/byid?incident_id=9aff51da-746c-f011-a373-0050568a2d1a
Carrick on Shannon - D0154,Incident,Abatement equipment off-line,https://leap.epa.ie/licence-profile/D0154/compliance/incident/cc980d24-746c-f011-a373-0050568a2d1a,2025-07-29T00:00:00+00:00,Open,2025-07-29T00:00:00,D0154,ca6f2be2-0ad4-4dec-95ec-24eedfea8869,https://data.epa.ie/leap/api/v1/Incident/byid?incident_id=cc980d24-746c-f011-a373-0050568a2d1a
Collon - D0261,Incident,Uncontrolled Release,https://leap.epa.ie/licence-profile/D0261/compliance/incident/d9c70f5d-8f6b-f011-a373-0050568a2d1a,2025-07-29T00:00:00+00:00,Closed,2025-07-28T00:00:00,D0261,a8fb3812-8f3e-44b6-a3c2-f96a49bd35e7,https://data.epa.ie/leap/api/v1/Incident/byid?incident_id=d9c70f5d-8f6b-f011-a373-0050568a2d1a
Arrabawn Co-operative Society Limited - P0791,Incident,Uncontrolled Release,https://leap.epa.ie/licence-profile/P0791/compliance/incident/dfcb4ac8-9955-f011-a373-0050568a2d1a,2025-07-29T00:00:00+00:00,Closed,2025-06-30T00:00:00,P0791,1d9f7773-fd97-4aa8-9cb5-9654f20dcc81,https://data.epa.ie/leap/api/v1/Incident/byid?incident_id=dfcb4ac8-9955-f011-a373-0050568a2d1a
Runways Information Services Limited - P1192,Incident,Internal visual inspections observed some defects that may affect the integrity of the Clonee 5-6 un,https://leap.epa.ie/licence-profile/P1192/compliance/incident/f0bd226a-806c-f011-a373-0050568a2d1a,2025-07-29T00:00:00+00:00,Open,2025-07-29T00:00:00,P1192,99afad8e-95b5-4d94-8662-aa598cfc6afd,https://data.epa.ie/leap/api/v1/Incident/byid?incident_id=f0bd226a-806c-f011-a373-0050568a2d1a
O'Toole Composting Limited - W0284,Site Updates/Notifications,Response to Site Visit Report SV31908,https://leap.epa.ie/licence-profile/W0284/compliance/return/207847c9-a26b-f011-a373-0050568a2d1a,2025-07-29T00:00:00+00:00,Closed,2025-07-28T00:00:00,W0284,0d377f83-f286-e511-a5db-0050568a69e2,https://data.epa.ie/leap/api/v1/LicenseeReturns/byid?lr_id=207847c9-a26b-f011-a373-0050568a2d1a
Irish Packaging Recycling Unlimited Company - W0263,Monitoring Returns,W0263-01 2024 Dust monitoring report,https://leap.epa.ie/licence-profile/W0263/compliance/return/2161a4ac-594b-f011-a373-0050568a2d1a,2025-07-29T00:00:00+00:00,Closed,2025-06-17T00:00:00,W0263,f5f8cc69-287f-45fc-a451-b5b1467c17ba,https://data.epa.ie/leap/api/v1/LicenseeReturns/byid?lr_id=2161a4ac-594b-f011-a373-0050568a2d1a
Ormonde Organics Limited (Portlaw) - W0287,Site Updates/Notifications,Licensee Public Response - SV32760,https://leap.epa.ie/licence-profile/W0287/compliance/return/28bf673c-b66b-f011-a373-0050568a2d1a,2025-07-29T00:00:00+00:00,Closed,2025-07-28T00:00:00,W0287,6ad3c482-80ad-e611-8d41-0050568a69e2,https://data.epa.ie/leap/api/v1/LicenseeReturns/byid?lr_id=28bf673c-b66b-f011-a373-0050568a2d1a
Boliden Tara Mines Limited - P0516,Monitoring Returns,RAP at TMF Monthly Report_June 2025,https://leap.epa.ie/licence-profile/P0516/compliance/return/2b4e7270-0067-f011-a373-0050568a2d1a,2025-07-29T00:00:00+00:00,Closed,2025-07-22T00:00:00,P0516,87b64801-f4eb-4205-9197-0233586a0f2e,https://data.epa.ie/leap/api/v1/LicenseeReturns/byid?lr_id=2b4e7270-0067-f011-a373-0050568a2d1a
Ormonde Organics Limited (Portlaw) - W0287,Site Updates/Notifications,Response to Site Visit Report SV32760,https://leap.epa.ie/licence-profile/W0287/compliance/return/3c27057c-776c-f011-a373-0050568a2d1a,2025-07-29T00:00:00+00:00,Closed,2025-07-29T00:00:00,W0287,6ad3c482-80ad-e611-8d41-0050568a69e2,https://data.epa.ie/leap/api/v1/LicenseeReturns/byid?lr_id=3c27057c-776c-f011-a373-0050568a2d1a
Recycling Centre and Waste Transfer Station - W0200,Site Updates/Notifications,Site visit – SV32608,https://leap.epa.ie/licence-profile/W0200/compliance/return/4126c59f-8f6c-f011-a373-0050568a2d1a,2025-07-29T00:00:00+00:00,Open,2025-07-29T00:00:00,W0200,df1f1c90-cca7-4629-b3e8-102b4015bcda,https://data.epa.ie/leap/api/v1/LicenseeReturns/byid?lr_id=4126c59f-8f6c-f011-a373-0050568a2d1a
Ennis North - D0048,Site Updates/Notifications,Licensee Public Response - SV32595,https://leap.epa.ie/licence-profile/D0048/compliance/return/49b8abac-926c-f011-a373-0050568a2d1a,2025-07-29T00:00:00+00:00,Open,2025-07-29T00:00:00,D0048,68596850-0576-46c6-9dd6-4e973d815bd4,https://data.epa.ie/leap/api/v1/LicenseeReturns/byid?lr_id=49b8abac-926c-f011-a373-0050568a2d1a
Castle Paints (Tullamore) Limited - P0833,Annual Environmental Report,AER Revised,https://leap.epa.ie/licence-profile/P0833/compliance/return/4c7e12d5-bc6b-f011-a373-0050568a2d1a,2025-07-29T00:00:00+00:00,Closed,2025-07-28T00:00:00,P0833,1f4cc865-30fa-4121-941e-e433bf2d390d,https://data.epa.ie/leap/api/v1/LicenseeReturns/byid?lr_id=4c7e12d5-bc6b-f011-a373-0050568a2d1a
Dungarvan Waste Disposal Site - W0032,Monitoring Returns,Q4 2024 Groundwater Monitoring/Analysis,https://leap.epa.ie/licence-profile/W0032/compliance/return/70feecb9-b1e3-ef11-a372-0050568a2d1a,2025-07-29T00:00:00+00:00,Closed,2025-02-05T00:00:00,W0032,c05d6935-9ea3-4293-9701-a683e71e1b02,https://data.epa.ie/leap/api/v1/LicenseeReturns/byid?lr_id=70feecb9-b1e3-ef11-a372-0050568a2d1a
Ballaghaderreen Landfill - W0059,Annual Environmental Report,AER 2024,https://leap.epa.ie/licence-profile/W0059/compliance/return/7db90e1b-946c-f011-a373-0050568a2d1a,2025-07-29T00:00:00+00:00,Open,2025-07-29T00:00:00,W0059,c51e6c94-eef1-4cbe-ab2e-a444cad2a64f,https://data.epa.ie/leap/api/v1/LicenseeReturns/byid?lr_id=7db90e1b-946c-f011-a373-0050568a2d1a
Fenor Pig Farms Limited - P0410,Site Updates/Notifications,Licensee Response to SV31504,https://leap.epa.ie/licence-profile/P0410/compliance/return/9a93385e-5369-f011-a373-0050568a2d1a,2025-07-29T00:00:00+00:00,Closed,2025-07-25T00:00:00,P0410,1a7a21f4-0a89-4e1d-aa22-36d6aa7e4877,https://data.epa.ie/leap/api/v1/LicenseeReturns/byid?lr_id=9a93385e-5369-f011-a373-0050568a2d1a
Johnson & Johnson Vision Care Ireland Unlimited Company - P0818,Site Updates/Notifications,Maintaine requiring shutdown of CTO emissions stacks A2-3& A2-4,https://leap.epa.ie/licence-profile/P0818/compliance/return/a88eb287-ce67-f011-a373-0050568a2d1a,2025-07-29T00:00:00+00:00,Closed,2025-07-23T00:00:00,P0818,c384e292-8ae1-44cd-a0f3-80d28c31c889,https://data.epa.ie/leap/api/v1/LicenseeReturns/byid?lr_id=a88eb287-ce67-f011-a373-0050568a2d1a
Mannok Cement Limited - P0378,Site Updates/Notifications,CEMS AST and QAL2 reports 2023,https://leap.epa.ie/licence-profile/P0378/compliance/return/ab05b9ed-9a63-ee11-a352-0050568a2d1a,2025-07-29T00:00:00+00:00,Closed,2023-10-05T00:00:00,P0378,378af8f1-f920-4793-8c2b-269b8f1da13a,https://data.epa.ie/leap/api/v1/LicenseeReturns/byid?lr_id=ab05b9ed-9a63-ee11-a352-0050568a2d1a
Adhesives Research Ireland Limited - P0452,Site Updates/Notifications,2025 Summer Shutdown,https://leap.epa.ie/licence-profile/P0452/compliance/return/c64c43dd-9f6b-f011-a373-0050568a2d1a,2025-07-29T00:00:00+00:00,Closed,2025-07-28T00:00:00,P0452,24b741b8-3179-48f7-b055-bdf4d7f1eedd,https://data.epa.ie/leap/api/v1/LicenseeReturns/byid?lr_id=c64c43dd-9f6b-f011-a373-0050568a2d1a
Kilkenny Cheese Limited - P1180,Monitoring Returns,Acute Toxicity Analysis,https://leap.epa.ie/licence-profile/P1180/compliance/return/c7236a62-1067-f011-a373-0050568a2d1a,2025-07-29T00:00:00+00:00,Closed,2025-07-22T00:00:00,P1180,9372871d-2362-4b79-9bad-3b762b4855ec,https://data.epa.ie/leap/api/v1/LicenseeReturns/byid?lr_id=c7236a62-1067-f011-a373-0050568a2d1a
Mannok Cement Limited - P0378,Requests for Approval and Site Reports,A2-01 Monitoring for Kiln SRF,https://leap.epa.ie/licence-profile/P0378/compliance/return/e382f3e4-fd2f-f011-a373-0050568a2d1a,2025-07-29T00:00:00+00:00,Closed,2025-05-13T00:00:00,P0378,378af8f1-f920-4793-8c2b-269b8f1da13a,https://data.epa.ie/leap/api/v1/LicenseeReturns/byid?lr_id=e382f3e4-fd2f-f011-a373-0050568a2d1a
Gairdini - P0639,Site Updates/Notifications,Summer shutdown 2025,https://leap.epa.ie/licence-profile/P0639/compliance/return/e7588f5a-c963-f011-a373-0050568a2d1a,2025-07-29T00:00:00+00:00,Closed,2025-07-18T00:00:00,P0639,ad521268-f974-43a7-b12d-74ab4b779731,https://data.epa.ie/leap/api/v1/LicenseeReturns/byid?lr_id=e7588f5a-c963-f011-a373-0050568a2d1a
Castle Paints (Tullamore) Limited - P0833,Annual Environmental Report,AER Revised 2024,https://leap.epa.ie/licence-profile/P0833/compliance/return/f2cc8920-375e-f011-a373-0050568a2d1a,2025-07-29T00:00:00+00:00,Closed,2025-07-11T00:00:00,P0833,1f4cc865-30fa-4121-941e-e433bf2d390d,https://data.epa.ie/leap/api/v1/LicenseeReturns/byid?lr_id=f2cc8920-375e-f011-a373-0050568a2d1a
N&C Enterprises Limited - W0292,Monitoring Returns,Waste Acceptance Procedure,https://leap.epa.ie/licence-profile/W0292/compliance/return/fbdf5635-e458-f011-a373-0050568a2d1a,2025-07-29T00:00:00+00:00,Closed,2025-07-04T00:00:00,W0292,54f8da29-b073-e711-bce9-0050568a69e2,https://data.epa.ie/leap/api/v1/LicenseeReturns/byid?lr_id=fbdf5635-e458-f011-a373-0050568a2d1a
Green Circular Economy Unlimited Company - W0205,EPA Initiated Correspondence,,https://leap.epa.ie/licence-profile/W0205/compliance/epa-correspondence/a55e9ebe-6a6c-f011-a373-0050568a2d1a,2025-07-29T00:00:00+00:00,Closed,2025-07-29T00:00:00,W0205,8a1ec208-190d-4b7c-9625-f14a02a7a4a5,https://data.epa.ie/leap/api/v1/MeetingCorrespondence/epainiciatedcorrespondencebyid?epainitiatedcorrespondence_id=a55e9ebe-6a6c-f011-a373-0050568a2d1a
Zinc Processors Limited Trading As Shannonside Galvanizing - P0650,Non Compliance,,https://leap.epa.ie/licence-profile/P0650/compliance/non-compliance/00ba86c5-5d6c-f011-a373-0050568a2d1a,2025-07-29T00:00:00+00:00,Issued,2025-07-29T00:00:00,P0650,4f1f67a4-0f13-4d2d-a451-d546f03f1cb4,https://data.epa.ie/leap/api/v1/NonCompliance/byid?nc_id=00ba86c5-5d6c-f011-a373-0050568a2d1a
Arrabawn Co-operative Society Limited - P0791,Non Compliance,,https://leap.epa.ie/licence-profile/P0791/compliance/non-compliance/3991a7c3-8b6c-f011-a373-0050568a2d1a,2025-07-29T00:00:00+00:00,Issued,2025-07-29T00:00:00,P0791,1d9f7773-fd97-4aa8-9cb5-9654f20dcc81,https://data.epa.ie/leap/api/v1/NonCompliance/byid?nc_id=3991a7c3-8b6c-f011-a373-0050568a2d1a
Inagh Landfill - W0109,Non Compliance,,https://leap.epa.ie/licence-profile/W0109/compliance/non-compliance/3d0f5dfc-3d66-f011-a373-0050568a2d1a,2025-07-29T00:00:00+00:00,Issued,2025-07-29T00:00:00,W0109,6b148736-c29d-4a4c-8186-27797dfa4688,https://data.epa.ie/leap/api/v1/NonCompliance/byid?nc_id=3d0f5dfc-3d66-f011-a373-0050568a2d1a
Arrabawn Co-operative Society Limited - P0791,Non Compliance,,https://leap.epa.ie/licence-profile/P0791/compliance/non-compliance/4f582619-8c6c-f011-a373-0050568a2d1a,2025-07-29T00:00:00+00:00,Issued,2025-07-29T00:00:00,P0791,1d9f7773-fd97-4aa8-9cb5-9654f20dcc81,https://data.epa.ie/leap/api/v1/NonCompliance/byid?nc_id=4f582619-8c6c-f011-a373-0050568a2d1a
Arrabawn Co-operative Society Limited - P0791,Non Compliance,,https://leap.epa.ie/licence-profile/P0791/compliance/non-compliance/6b1d72d1-8a6c-f011-a373-0050568a2d1a,2025-07-29T00:00:00+00:00,Issued,2025-07-29T00:00:00,P0791,1d9f7773-fd97-4aa8-9cb5-9654f20dcc81,https://data.epa.ie/leap/api/v1/NonCompliance/byid?nc_id=6b1d72d1-8a6c-f011-a373-0050568a2d1a
Galco (Waterford) Limited - P0385,Non Compliance,,https://leap.epa.ie/licence-profile/P0385/compliance/non-compliance/6e745da2-856c-f011-a373-0050568a2d1a,2025-07-29T00:00:00+00:00,Issued,2025-07-29T00:00:00,P0385,e57465bf-8144-48e8-885c-76a964a2cd05,https://data.epa.ie/leap/api/v1/NonCompliance/byid?nc_id=6e745da2-856c-f011-a373-0050568a2d1a
Inagh Landfill - W0109,Non Compliance,,https://leap.epa.ie/licence-profile/W0109/compliance/non-compliance/78541139-e366-f011-a373-0050568a2d1a,2025-07-29T00:00:00+00:00,Issued,2025-07-29T00:00:00,W0109,6b148736-c29d-4a4c-8186-27797dfa4688,https://data.epa.ie/leap/api/v1/NonCompliance/byid?nc_id=78541139-e366-f011-a373-0050568a2d1a
Pfizer Ireland Pharmaceuticals Unlimited Company (Grange Castle) - P0652,Non Compliance,,https://leap.epa.ie/licence-profile/P0652/compliance/non-compliance/806ba9f0-4c66-f011-a373-0050568a2d1a,2025-07-29T00:00:00+00:00,Issued,2025-07-29T00:00:00,P0652,52836abc-c980-4735-818e-6ee1bcfd6152,https://data.epa.ie/leap/api/v1/NonCompliance/byid?nc_id=806ba9f0-4c66-f011-a373-0050568a2d1a
Inagh Landfill - W0109,Non Compliance,,https://leap.epa.ie/licence-profile/W0109/compliance/non-compliance/bab0ee53-876b-f011-a373-0050568a2d1a,2025-07-29T00:00:00+00:00,Issued,2025-07-29T00:00:00,W0109,6b148736-c29d-4a4c-8186-27797dfa4688,https://data.epa.ie/leap/api/v1/NonCompliance/byid?nc_id=bab0ee53-876b-f011-a373-0050568a2d1a
Inagh Landfill - W0109,Non Compliance,,https://leap.epa.ie/licence-profile/W0109/compliance/non-compliance/c3fb18b4-876b-f011-a373-0050568a2d1a,2025-07-29T00:00:00+00:00,Issued,2025-07-29T00:00:00,W0109,6b148736-c29d-4a4c-8186-27797dfa4688,https://data.epa.ie/leap/api/v1/NonCompliance/byid?nc_id=c3fb18b4-876b-f011-a373-0050568a2d1a
Basketstown Landfill Facility - W0010,Non Compliance,,https://leap.epa.ie/licence-profile/W0010/compliance/non-compliance/c499f45a-cb63-f011-a373-0050568a2d1a,2025-07-29T00:00:00+00:00,Issued,2025-07-29T00:00:00,W0010,636af2f3-9350-41be-8504-9fb842733a8b,https://data.epa.ie/leap/api/v1/NonCompliance/byid?nc_id=c499f45a-cb63-f011-a373-0050568a2d1a
Basketstown Landfill Facility - W0010,Site Visit,,https://leap.epa.ie/licence-profile/W0010/compliance/sitevisit/0e639925-a6d1-ef11-a325-0050568a66b2,2025-07-29T00:00:00+00:00,Closed,2025-07-02T00:00:00,W0010,636af2f3-9350-41be-8504-9fb842733a8b,https://data.epa.ie/leap/api/v1/SiteVisit/byid?sv_id=0e639925-a6d1-ef11-a325-0050568a66b2
Inagh Landfill - W0109,Site Visit,,https://leap.epa.ie/licence-profile/W0109/compliance/sitevisit/106990f0-a05c-f011-a373-0050568a2d1a,2025-07-29T00:00:00+00:00,Closed,2025-07-03T00:00:00,W0109,6b148736-c29d-4a4c-8186-27797dfa4688,https://data.epa.ie/leap/api/v1/SiteVisit/byid?sv_id=106990f0-a05c-f011-a373-0050568a2d1a
Greystones - D0010,Site Visit,,https://leap.epa.ie/licence-profile/D0010/compliance/sitevisit/21b8d988-345b-f011-a373-0050568a2d1a,2025-07-29T00:00:00+00:00,Closed,2025-07-03T00:00:00,D0010,be0e050e-e607-4daf-b829-5d979b2c6f71,https://data.epa.ie/leap/api/v1/SiteVisit/byid?sv_id=21b8d988-345b-f011-a373-0050568a2d1a
Galco (Waterford) Limited - P0385,Site Visit,,https://leap.epa.ie/licence-profile/P0385/compliance/sitevisit/4346ef4b-d25c-f011-a373-0050568a2d1a,2025-07-29T00:00:00+00:00,Closed,2025-07-08T00:00:00,P0385,e57465bf-8144-48e8-885c-76a964a2cd05,https://data.epa.ie/leap/api/v1/SiteVisit/byid?sv_id=4346ef4b-d25c-f011-a373-0050568a2d1a
Greystones - D0010,Site Visit,,https://leap.epa.ie/licence-profile/D0010/compliance/sitevisit/4a35bbf7-c260-f011-a373-0050568a2d1a,2025-07-29T00:00:00+00:00,Closed,2025-07-14T00:00:00,D0010,be0e050e-e607-4daf-b829-5d979b2c6f71,https://data.epa.ie/leap/api/v1/SiteVisit/byid?sv_id=4a35bbf7-c260-f011-a373-0050568a2d1a
Greystones - D0010,Site Visit,,https://leap.epa.ie/licence-profile/D0010/compliance/sitevisit/a177c9ef-3c5e-f011-a373-0050568a2d1a,2025-07-29T00:00:00+00:00,Closed,2025-07-10T00:00:00,D0010,be0e050e-e607-4daf-b829-5d979b2c6f71,https://data.epa.ie/leap/api/v1/SiteVisit/byid?sv_id=a177c9ef-3c5e-f011-a373-0050568a2d1a
Greystones - D0010,Site Visit,,https://leap.epa.ie/licence-profile/D0010/compliance/sitevisit/a591b8b5-d05b-f011-a373-0050568a2d1a,2025-07-29T00:00:00+00:00,Closed,2025-07-04T00:00:00,D0010,be0e050e-e607-4daf-b829-5d979b2c6f71,https://data.epa.ie/leap/api/v1/SiteVisit/byid?sv_id=a591b8b5-d05b-f011-a373-0050568a2d1a
Zinc Processors Limited Trading As Shannonside Galvanizing - P0650,Site Visit,,https://leap.epa.ie/licence-profile/P0650/compliance/sitevisit/d310942b-a6d1-ef11-a325-0050568a66b2,2025-07-29T00:00:00+00:00,Closed,2025-07-09T00:00:00,P0650,4f1f67a4-0f13-4d2d-a451-d546f03f1cb4,https://data.epa.ie/leap/api/v1/SiteVisit/byid?sv_id=d310942b-a6d1-ef11-a325-0050568a66b2
Mill Road Estates Limited - W0156,Site Visit,,https://leap.epa.ie/licence-profile/W0156/compliance/sitevisit/e6294548-5348-f011-a373-0050568a2d1a,2025-07-29T00:00:00+00:00,Closed,2025-07-09T00:00:00,W0156,26a65f3e-523e-462b-8eb2-205e4fae525d,https://data.epa.ie/leap/api/v1/SiteVisit/byid?sv_id=e6294548-5348-f011-a373-0050568a2d1a
Shannonvale - A0403,Site Visit,,https://leap.epa.ie/licence-profile/A0403/compliance/sitevisit/e7fdfdde-03f9-ef11-a325-0050568a66b2,2025-07-29T00:00:00+00:00,Closed,2025-07-23T00:00:00,A0403,0354a063-cf2e-4e5b-a465-7f1b0c0173cd,https://data.epa.ie/leap/api/v1/SiteVisit/byid?sv_id=e7fdfdde-03f9-ef11-a325-0050568a66b2
Woodville Pig Farms Unlimited Company - P0467,Site Visit,,https://leap.epa.ie/licence-profile/P0467/compliance/sitevisit/e8274d5a-6f5e-f011-a373-0050568a2d1a,2025-07-29T00:00:00+00:00,Closed,2025-07-10T00:00:00,P0467,485a5240-52dc-410d-9e96-d912b91a4dc2,https://data.epa.ie/leap/api/v1/SiteVisit/byid?sv_id=e8274d5a-6f5e-f011-a373-0050568a2d1a
ADSIL Blanchardstown - P1172,Site Visit,,https://leap.epa.ie/licence-profile/P1172/compliance/sitevisit/f2849f7f-2850-f011-a373-0050568a2d1a,2025-07-29T00:00:00+00:00,Closed,2025-06-25T00:00:00,P1172,c55c9492-b292-4d07-96ae-af0a4592b889,https://data.epa.ie/leap/api/v1/SiteVisit/byid?sv_id=f2849f7f-2850-f011-a373-0050568a2d1a
